타임스탬프,주소,제목,내용
2013. 12. 8 오후 6:02:38,http://www.inven.co.kr/webzine/news/?news=34912,"[칼럼] 자녀와 게임, 이성을 내팽개치지 말아주십시오","경향신문에 칼럼이 하나 실렸습니다. '청소년 게임중독 방치하는 업계'라는 제목의 칼럼입니다.


칼럼의 내용은 이렇습니다. 글쓴이는 아이가 둘 있는 학부형입니다. 그런데 두 아이가 요즘 게임을 너무 많이 해서 걱정인 모양입니다. 중학교 입학 선물로 사준 휴대폰으로 게임을 하느라 학교 숙제를 하지 않는 둘째 아이와 말다툼을 합니다. 두 아이가 서로 노트북을 차지하려고 난투전을 벌이는 것을 보며 가슴이 찢어진다고 합니다.


결국, 글쓴이는 구토가 날 지경인 마음을 참지 못하고 이내 이성을 내팽개칩니다. 게임은 마약이라는 일갈. 그리고 인터넷 게임중독 예방과 치료를 위한 청소년 보호법 개정안 이야기가 따라나옵니다. 게임사로부터 일정 금액을 징수할 수 있도록 했으니, 군소리 말고 내라는 겁니다.


칼럼에 따르면 그가 게임을 '마약'처럼 싫어하게 된 것은 자녀의 게임 이용에 대한 불만 때문입니다. 그리고 이런 논조는 동 세대 자녀를 둔 학부모들의 진한 공감을 이끌어낼 것입니다. 이 시대 청소년을 자녀로 둔 대부분의 부모가 겪고 있는 공통의 현상이기 때문입니다.


하지만, 셧다운제를 도입한다고, 게임사에서 돈을 몇 푼 더 걷는다고, 게임을 좋아하는 자녀가 갑자기 바뀌지는 않을 것입니다. 그래서 셧다운제니 기금 법안이니 하는 건 잠시 접어두고 그 부분에 대해서 이야기해보고 싶습니다. 글쓴이가 바라는 것이 자녀가 적절하게 게임을 이용하고 스스로 게임 이용 시간을 콘트롤하는 모습을 보여 부모의 마음을 안심시켜주는 것이라면, 다른 좋은 방법이 있기 때문입니다.



▣ 왜 우리 자녀는 이렇게 게임을 많이 하는 걸까?


많은 전문가가 셧다운제 이야기가 나왔을 때 했던 말이 있습니다. '게임을 너무 많이 하니까 못하게 하자'가 아니라, '왜 그렇게 많이 하게 되었느냐'를 먼저 살펴야 하지 않느냐고요. 이 부분에 대한 이해가 없다면, 셧다운제를 하든 무슨 다른 국가적 규제가 가해지든 공염불에 불과합니다.


청소년인권행동단체 아수나로의 공현 씨는 청소년들이 처한 우리나라의 환경에 주목합니다. 그는 이런 환경을 크게 시간적, 공간적, 경제적, 사회심리적 요인으로 구분해 설명합니다.


우선 우리나라 청소년들은 세계적으로 긴 학습시간에 높은 사교육 비율로 여가를 누릴 시간적 여유가 없습니다. 그래서 집에 오면 짧은 시간 몰입해 즐길 수 있는 최선의 놀이로 게임을 선택한다는 것이 시간적 환경요인입니다. 공간적으로는 청소년들이 지역 사회에서 즐기며 놀 수 있는 시설이 부족하다는 점, 경제적으로는 친권자에게 종속된 청소년들이 저렴한 비용으로 즐거움을 얻을 수 있는 놀이 문화가 게임밖에 없다는 점이 꼽힙니다. 또 과도한 경쟁사회에서 청소년들이 겪고 있는 입시, 진로 스트레스에 대한 해소책으로 온라인 가상 사회에 몰입하게 된다는 것이 사회심리적 요인입니다.


재미있는 연구자료가 있어 소개합니다. 2008년 문화사회연구소의 조사로는, 사실 게임을 가장 많이 이용하는 것은 20대로 10대들의 게임 이용시간은 다른 연령대에 비해서 상대적으로 적었습니다. 이는 학교나 학원 등 게임을 할 시간이 애초에 제약되어 있기 때문이라는 설명이 가능합니다.




▲ 20대 - 30대 - 10대 순으로 게임이용시간이 나타납니다



재미있는 것은 그다음입니다. 노동 또는 학습시간이 많으면 많을수록 게임 이용시간은 줄어들게 마련인데 어떤 특정한 수준이 되면 오히려 게임 이용시간이 늘어난다는 조사 결과가 나온 것입니다. 그 변곡점은 노동시간이 주당 48시간을 넘어서는 순간, 학습시간은 주당 26시간을 넘어서는 순간에 나타났습니다.


이는 과도한 노동이나 학습이 오히려 스트레스 요인으로 작용해, 이를 없애기 위해 게임에 더 몰입하게 된다는 의미이기도 합니다.




▲ 줄어들던 게임시간이, 노동/학습시간이 과도해지는 순간 늘어나는 모습



게임을 너무 많이 한다고요? 


어쩌면 게임을 하지 않으면 안 되는 상황에 처해있는 것은 아닐까요. 과도한 학업, 경쟁, 스트레스. 그럼에도 불구하고 휴식이나 여가가 될 만한 다른 문화적 요소나 배려가 없는 상황에서 청소년들의 선택은 굉장히 제한될 수밖에 없을 것입니다.


※ 관련기사 : [칼럼] 셧다운제, 차단과 규제 논리로 풀어갈 수 없는 것



▣ 게입업계 종사자들은 게임 이용 교육을 어떻게 할까?


물론 모든 것을 '사회 탓'으로 돌리자는 것은 아닙니다. 그런 사회 속에서 게임이 이토록 인기가 있는 것은, 게임 자체가 가지고 있는 재미와 흥미 요소 때문이기도 합니다. 그러나 요즘 세대에서 게임이 이토록 중요해진 것은 단순히 게임이 가지고 있는 '중독성(?)' 때문만은 아닙니다.


현대 사회를 살아가는 청소년들은 '게임'을 제외하고는 이야기를 할 수 없는 상황입니다. 게임은 학교에 가서 친구들과 이야기를 나누는 소재가 되기도 하고, 집에 돌아와 친구들과 다시 만나게 하는 가상의 놀이터이기도 합니다. 컴퓨터가 없던 시절 집 앞 놀이터에 동네 친구들과 모여 구슬치기하던 것이, 지금은 온라인 공간 특히 게임에서 일어나고 있다는 것입니다. 이쯤 되면 게임은 어떤 '기호품'이 아니라 생활의 일부분이자 '환경' 그 자체가 되었다고 보아야 합니다.


글쓴이는 마지막에 게입업체 대표들에게 '당신 회사가 만든 게임을 자녀에게 권할 수 있느냐'고 반문합니다. 텔레비전 방송에 15세 이용가 이렇게 나오는 것처럼 게임도 연령 정보를 제공하는 등급제도가 있다고 알려 드리고 싶지만, 별개로 글쓴이의 질문에 다른 이야기로 답해보겠습니다.






기자는 게임업계에 일하면서 자녀를 두고 있는 분들에게, 부모로서 자녀의 게임 이용을 어떻게 교육하고 있느냐는 질문을 많이 해봤습니다. 대답은 다양했습니다.


어떤 게임사 대표는 자녀와 명확하게 약속을 해서 하루에 2시간 이상은 게임을 하지 않도록 하고 있다고 했습니다. 한 게임매체 편집장님은 아예 자녀와 함께 게임을 한다고 했습니다. 같이 게임을 하기 때문에 더 좋은 게임을 알려줄 수 있었다고 합니다. 어떤 개발자는 집에 게임이 매우 많아서, 오히려 자녀가 질려 적당히 즐기게 되더라는 이야기도 합니다. 게임학을 전공하는 박사님은 상당히 수준 높은 게임들만 골라서 권하면 결국 자녀도 게임을 보고 가려낼 수 있는 눈이 생겨, 오히려 게임을 적당히 즐기게 된다는 교육철학을 설명해주기도 했습니다.


이분들을 게임 전문가라고는 할 수 있어도 자녀 교육 전문가라고는 할 수 없을 겁니다. 그래서 정답은 없습니다. 그럼에도, 그들 나름대로 찾아낸 방법에서 하나의 공통점을 찾을 수 있었습니다. 게임을 국가와 민족을 위해 사라져야 할 어떤 공공의 적으로 생각한 것이 아니라, 건전한 놀이 문화로 인정하고 어떻게 잘 이용하게 할 것인가에 대해 고민했다는 점입니다.


부모의 가슴이 찢어지고 구토가 나고 이성이 실종되는 지경까지 가지 않은 것은 이런 관점의 차이 때문이 아닐까요. 이분들의 자녀는 게임을 이용하는 데 부정적인 느낌을 받지 않았기 때문에 건전하게 게임을 이용하는 길이 열렸을지도 모릅니다.


사실 이런 부분이 바로 전문가들이 권하는 게임 이용 교육의 첫걸음이기도 합니다.




▣ 자녀의 게임이용. 전문가들이 권하는 해결방법은?


말린다고 듣지도 않고, 그렇다고 내버려둘 수도 없는 자녀의 게임 이용. 이에 대해 전문가들은 먼저 부모님의 인식이 변해야 한다고 지적합니다. 자녀의 게임 이용은 문화를 넘어서서 환경 그 자체가 되었습니다. 학교에 가고 집에 와서 잠자리에 드는 것과 같이 하나의 일상이 되었다는 점을 인정하지 않으면 자녀의 게임이용 문제를 해결할 수 없다는 것입니다.


아예 게임을 하지 못하도록 하는 것은 불가능하다는 점을 깨닫고 나면, 자녀들에게 무엇을 길러주어야 하는 것은 명확해집니다. 게임에 대한 조절능력, 자기 통제능력을 길러주는 것. 그것은 가족이 아니면 할 수 없는 일입니다.


전문가들이 자녀의 게임 이용 조절능력을 길러주기 위해 제안하는 몇 가지 방법이 있습니다. 


가장 기본이 되는 출발점은 부모가 함께 게임을 하는 것입니다. 혼자 게임을 하게 하지 말고 함께 게임을 하고 게임에 대한 이야기를 나누는 것이 첫걸음입니다. 함께 이야기하면서 자녀가 어떤 게임사이트에 누구의 명의로 접속하는지, 또 어떤 게임을 하는지 살펴볼 수 있게 됩니다.


적어도 자녀가 하는 게임이 어떤 게임인지는 알아야 대화가 성립합니다. 이를 위해 전문가들은 직접 부모가 자녀들에게 게임을 배워보는 시간을 갖길 권합니다. 자녀들이 하고 있는 쉬운 게임에서 시작해 점점 자녀가 즐기고 있는 게임까지 단계를 밟아보는 것입니다. 자녀들은 부모에게 자신이 하는 게임을 가르쳐주는 것을 굉장히 재미있어 합니다. 또 게임이 얼마나 재미있는지 부모가 직접 느끼고 나면, 자녀들이 어떤 면에서 게임에 흥미를 느끼는지 이해할 수 있습니다.


게임을 함께 해보고, 배우기도 하면서 게임을 소재로 대화할 수 있는 정도가 되면 그 이후는 훨씬 선택지가 넓어집니다. 게임일지를 기록하게 하는 것도 좋습니다. 일주일에 하루 정도는 컴퓨터를 끄는 날로 정할 수도 있습니다. 게임을 즐기는 시간을 합의해서 시간을 스스로 지키게 합니다. 중요한 것은 '스스로' 하는 것이라고 전문가들은 강조합니다. 


게임은 하게 해라, 그러나 스스로 통제할 수 있도록 해라. 이것이 전문가들이 추천하는 자녀 게임 이용의 원칙입니다. 그렇게 된다면 '컴퓨터 빨리 꺼라'가 아니라 '지금 한참 재밌겠구나, 이번 판은 언제 끝나니'하고 이야기할 수 있을 것입니다. 어떤 차이가 있는지 느껴지십니까?




▲ 게임이용확인서비스 (http://gamecheck.org)




▣ 놀이문화는 '악'? 내팽개친 이성을 주워들며...


그래서 위 칼럼의 글쓴이가 '게임사를 문 닫는 것이 국가와 민족을 위하는 길'이라며 적의를 드러낸 것을 보고, 굉장한 걱정이 들었습니다. 글쓴이의 자녀가 말입니다.


한 때는 영화도 호환 마마와 비교되는 '악'이었습니다. 만화책은 어린이날이 되면 길 한복판에서 '화형식'을 당해야 했습니다. 새로운 미디어는 늘 '마녀'처럼 취급당해왔고, 그게 지금 시대에는 '게임'이 되었습니다. 놀이문화를 억압하는 세력은 늘 있었기 때문에 새삼스럽지는 않습니다.


하지만, 게임이 '악'이라고 손가락질하는 동안은, 우리 아이들은 악에 물들어 있는 것밖에 되지 않습니다. 그런 인식은 게임을 긍정적으로 이용할 가능성 마저 빼앗아 가버립니다.


부모가 게임을 싫어하면 게임을 하는 자녀의 마음은 어떻게 되겠습니까. 게임을 하면서도 마음 한구석에는 늘 죄책감을 가지고 있을 것입니다. 게임을 해야 하는 자신의 심경과 상황을 이해해주지 않는 부모가 원망스러울 것입니다. 무조건 게임 시간을 줄이고 줄여야만 하는 가족의 분위기에서, 건강하게 여가를 즐기고 스트레스를 없애려는 자녀의 바람은 좀처럼 이뤄지지 않습니다. 그럴수록 더욱더 게임에 집중하려 할 것입니다.


게임을 아예 하지 못하도록 해버리고 싶은가요. 얄미운 게임사에 세금폭탄이라도 던지고 싶은가요. 지금 우리에게 필요한 것은, 미디어 탄압의 역사를 반복하는 것이 아니며, 게임과 아이와 학부모를 갈라놓는 일이 아닙니다.


간곡히 부탁합니다. 적어도 소중한 자녀가 걸려 있는 일에 있어서만큼은, 이성을 내팽개치진 말아주십시오. 우리의 아이들이, 우리의 그런 인식 때문에, 스스로 '악한 일'을 하고 있다고 생각하는 모습은 상상하기조차 괴롭기 때문입니다.

"
2013. 12. 8 오후 7:01:29,http://mimul.com/pebble/default/2013/09/23/1379944099337.html,"Etsy의 장애(오류, 실수 등 포함된)와 관련된 좋은 문화","버그, 에러, 장애 등에 대해 좋은 인사이트 하나를 챙길 수 있는 ""Etsy의 장애(오류, 실수 등 포함된)와 관련된 좋은 문화""라는 아티클이 있어 소개합니다.
개발이나 운영 등 DevOps 문화에 반영하면 좋을 듯 하네요.

대략적으로 요약하면..
장애의 원인을 일으킨 멤버의 처벌이나 비난을 하지 않는다. 처벌이나 비난으로 인해 자세한 문제의 경위를 보고하지 않는다면, 다른 구성원들에게 동일한 장애가 유발되기 때문에.
그래서 어떤 작업을 언제했는지, 그 작업이 어떤 결과를 초래했는지, 작업에서 기대하는 것이 무엇인지?, 가정은 무엇인지?, 시간대별로 일어난 일을 이해하고 있는지 등을 장애 요인의 가장 근처에 있던 멤버가 정리한다.
비난에 시간을 허비하는 대신, 무엇을 했어야 했는지, 그 시점에서 한 작업이 왜 옳다고 생각한 조치 였는지를 설명하는데 시간을 보낸다.
인간의 실수는 실패의 원인이 아니라, 조직 내부의 취약점으로 본다.
더 신중하게 작업을 하는 것이 아니라, 지속적으로 취약점을 찾아 개선해 조직력을 올리도록 노력하자.
장애의 원인을 일으킨 멤버는 장애 분야에 가장 정통한 인물이므로 재발 방지 노력에 주도적 역할을 하게 한다."
2013. 12. 8 오후 9:41:08,http://www.etnews.com/news/contents/contents/2881291_1487.html,음악저작권 신탁 경쟁 돌입…음악시장 변화 몰고올듯,"신생 음악인 단체가 새 음악저작권 신탁관리 대상자로 선정되면서 음악 산업에 새로운 바람이 일 전망이다. 음악 복수신탁관리단체 선정은 지난 1년 가까이 끌어온 선정 작업의 마무리와 함께 음악업계 전반에 새로운 변화를 예고하고 있다. 특히 음악을 작사·작곡·편곡하는 창작자로서는 원하는 조건에 맞춰 권리를 맡기는 새로운 기회가 열렸다. 그간 저작권을 무조건 단일 신탁단체에 맡겨야 하는 구조에서 선택할 권리가 만들어진 셈이다.

[이슈분석]음악저작권 신탁 경쟁 돌입…음악시장 변화 몰고올듯
차 바꾸고 싶은데...내 차 팔면 얼마?

◇복수단체 선정 어떻게 이뤄졌나

기존 독점단체인 음악저작권협회(음저협)와 음악인들 사이에 끊임없이 이어진 저작권 갈등이 이번 음악저작권 신탁관리 복수단체 도입의 단초가 됐다.

특히 젊은 음악인들은 저작권 사용료 징수금을 협회가 투명하고 공정하게 배분하지 않는다는 불만을 제기하면서 복수 신탁단체 도입을 주장했다. 여기에 지난 2011년부터 국회 국정감사에서 음저협의 징수금을 둘러싼 투명성과 신뢰성에 의문이 제기되면서 급물살을 탔다. 이어 올해들어 문화부가 지난 4월 10일 `음악 저작권신탁관리업 신규 허가 대상자 선정 계획`을 공고했으나 적격자가 없어, 지난 8월 재공고했다.

4월 공고 때는 신청자격에 특별한 제한을 두지 않았으나, 그 결과 신청자 대다수가 순수한 권리자로 보기 어렵다는 지적이 제기됐고 문화부는 `음악저작권자로 구성된 비영리단체(회원 50명 이상)`를 구성하도록 신청 자격을 강화해 재공고했다. 10월 한달간 신청서를 접수한 결과, 모두 5개 단체가 신청했고 이후 1개 단체가 신청의사를 철회했다.

심사 결과, 대한음악저작인연합회가 최종 낙점됐다. 문화부 관계자는 “회장 업무추진비의 클린카드 사용 등 투명한 회계 관리를 위한 의지를 보인 점 등에서 심사위원의 높은 점수를 받은 것으로 보인다”고 설명했다.

◇음악계, 복수단체 선정 환영

음악업계는 새로운 신탁단체 탄생에 환영 뜻을 보였다.

한 음악인은 “복수 신탁관리 단체 선정으로 자신의 권리를 적극적으로 행사할 수 있는 기회가 마련됐다는 점에서 긍정적이다”고 말했다. 그는 이어 “신탁제도에 대해 권리자인 음악인들이 제대로 파악하는 사례도 많다”며 “이번 기회를 계기로 음악인들이 적극적으로 권리를 찾는 기회가 되길 바란다”고 전했다.

새로운 단체가 생기면서 기존 단체와 차별화해야 한다는 조언도 뒤따랐다.

고정민 홍익대 교수는 “복수단체를 선정하게 된 배경이 기존 단체의 공정성과 투명성에 대한 반발에서 비롯된 만큼 신규 단체는 이전과는 다르다는 점을 확인시켜줘야 할 책임을 갖게 됐다”고 지적했다.

그는 이어 “기존 단체가 지닌 비효율성을 제거하고 음악인에 대한 서비스 개선이 함께 이뤄져야 공존할 수 있다”고 조언했다. 더불어 두 단체가 경쟁관계가 아닌 공생관계를 통해 역할을 분담하는 것도 중요하다고 강조했다.

온라인 음악서비스 업체들은 일단 환영의 뜻을 내비치면서도 지나친 경쟁을 자제해달라고 주문했다.

업계 한 관계자는 “올 한해 사용료 징수 개정 문제로 피로가 누적된 한해를 보냈다”며 “두 신탁단체 간 회원 서비스 경쟁에 치우치다 보면 법적 분쟁 증가로 음악시장 전체를 위축시키는 상황을 초래할 수 있다”고 우려했다.

문화부 관계자는 이에 대해 “음악 저작권신탁관리업 경쟁체제 도입이 저작권자에게는 보다 더 유리한 조건으로 자신의 저작권을 신탁할 수 있는 기회를 제공하고, 양 단체 간 선의의 경쟁을 통해 신탁관리단체 운영의 효율성과 투명성을 높이고 회원유치를 위해 서비스를 개선할 수 있도록 유도하는 등 음악 저작권 산업 발전에 긍정적인 효과를 가져다 줄 것으로 예상한다”고 전했다.

◇음저협, 경쟁체제 돌입에 긴장

기존 신탁단체인 음저협은 경쟁체제 돌입으로 인한 긴장감을 떨치지 못했다.

음저협은 이전과 달리 복수 신탁단체 선정에 대한 반대 입장 표명을 자제하면서도 경쟁체제 도입으로 인해 회원서비스 개선과 투명성, 신뢰성 확보에 나선다는 방침이다.

음저협 관계자는 “경쟁체제 도입으로 선발단체인 협회로서는 회원서비스 강화와 조직 신뢰성 확보에 주력하겠다”며 “신규 단체와도 협력할 부분은 공조를 통해 음악산업을 키우는데 애쓰겠다”고 밝혔다.

신규 단체 선정에 문제가 있을 경우, 대응에 나선다는 방침도 정했다.

이 관계자는 “신탁관리단체의 특성상 영리법인은 배제돼야 한다”며 “대한음악저작인연합회 배후에 누가 있는지 본 뒤 순수한 권리 단체가 아닐 경우는 대응 방안을 강구할 것”이라고 말했다."
2013. 12. 8 오후 9:50:04,http://media.daum.net/foreign/newsview?newsid=20131208052006067,회사 철수' 위협 맞서 美지자체 최저임금 동반 인상,"수도 워싱턴 인근 3개 카운티, 공동 대응으로 기업 반발 무력화

(뉴욕=연합뉴스) 이강원 특파원 = 미국의 수도 워싱턴 인근 지방자치단체들이 잇따라 최저임금을 올리고 있다.

특히 이들 지역은 `최저임금을 올리면 사업체를 철수하겠다'는 현지 기업들의 압박에 맞서 공동으로 임금인상안을 채택해 주목을 끌고 있다.

7일(현지시간) 미국 언론에 따르면 메릴랜드주의 몽고메리·워싱턴· 프린스조지 카운티 등 3개 지역은 최근 현재 7.25 달러인 최저임금을 향후 4년간 11.5 달러로 올리는 법안을 통과시켰다. 이는 현재의 최저임금을 무려 60%가량 인상한 것이다.

이번 최저임금 인상안은 몽고메리 카운티에서 처음 시작됐다.

몽고메리 카운티에서 최저임금을 올리려 하자 해당 지역 정치인들의 반발이 거셌다.

현지 기업인 등 반대론자들은 ""자치정부가 최저임금을 올리면 사업체를 최저임금이 낮은 인근 지역으로 옮기겠다""고 압박했다.

그러자 몽고메리 카운티 인근 지역들이 함께 손을 잡고 최저임금을 동반해서 올리기로 한 것이다.

몽고메리 카운티 인근 지역까지 최저임금을 올리자 사업체를 인근 지역으로 옮기겠다는 지역회사들의 생각은 무용지물이 됐다.

최저임금 인상안을 발의한 마크 엘리히 지방의원은 ""여러 사업체는 지역 내 세금이 너무 높고 사회보장 혜택이 너무 좋아 피해가 막심하다고 불평해왔다""면서 ""그러나 이들 사업체가 지나치게 낮은 임금을 주는 바람에 주민들은 제대로 생계를 꾸리지 못하고 있다""고 지적했다.

지역 내 회사들의 낮은 임금으로 결국 지자체가 주택과 식량 관련 보조를 할 수밖에 없어 지방재정에도 부담이 된다고 엘리히 의원은 덧붙였다.

최저임금을 올린 3개 카운티의 인구는 모두 190만명으로 전체 메릴랜드 인구 580만명의 3분의 1가량이다.

특히 이들 지역은 최저임금 문제가 뜨거운 감자로 떠오른 수도 워싱턴에 인접해 주목을 끌고 있다.

수도 워싱턴 역시 최근 최저임금을 시간당 8.25달러에서 일단 9.5달러로 높인 뒤 2017년까지 11.5달러로 높이는 법안을 시의회에서 만장일치로 채택했다.

이와 관련, 지난 5일(현지시간)에는 미국 100개 도시의 패스트푸드 체인점 노동자들이 최저임금 인상을 요구하며 24시간 파업을 벌였다."
2013. 12. 8 오후 9:53:15,http://media.daum.net/issue/561/newsview?issueId=561&newsid=20131208101006975,만델라 없는 남아공.. '만델라 크래시' 오나,"평화의 상징'이었던 넬슨 만델라 전 남아프리카공화국 대통령이 별세함에 따라 국제사회에서 남아공의 미래에 대한 우려가 커지고 있다.

미국 경제전문 매체 쿼츠와 CNBC 등은 만델라 전 대통령이 지난 5일(현지시간) 타계하면서 아프리카 최대 경제국인 남아공 정국이 불안해져 '만델라 크래시'(Mandela Crash)가 현실화되는 것 아니냐는 우려가 제기되고 있다고 7일 전했다.






남아공 랜드화 지폐./사진=블룸버그

'만델라 크래시'는 만델라의 별세와 함께 남아공의 주식 및 랜드화에 대한 매도가 빗발치며 발생하게 될 남아공 경제의 혼란을 뜻한다.

잘 알려지지 않았지만 만델라는 남아공 경제발전의 초석을 다진 대통령으로 평가받는다. 1994년 만델라가 남아공 첫 흑인 대통령으로 당선된 뒤 남아공은 안정적인 경제성장을 했다. 1980년대부터 1994년까지 연간 1.5%를 밑돌았던 남아공의 국내총생산(GDP) 성장률은 1995~2003년 연간 3% 수준으로 상승했다.

노무라 이코노미스트인 피터 아타드 몬탈토는 ""만델라는 경제정책에 있어 실용주의자였다""며 ""주요 산업 국유화가 아프리카민족회의(ANC)의 정책이었지만 그는 이를 거부하기도 했다""고 말했다.

1990년 만델라가 석방되면서 미국 등이 무역돚투자금지 등 남아공에 경제 제재조치를 해제한 것도 경제발전에 도움이 됐다. 마그누스 크파콜 이코노미스트는 ""정의를 지향한 만델라가 보낸 용서와 화합의 메시지는 다른 아프리카 국가와 전 세계에 남아공 경제가 열려있다는 것을 보여줬다""고 말했다.

만델라가 20년 동안 정치 안정을 통해 경제성장 기반을 다진 덕분에 남아공은 아프리카에서 가장 큰 경제규모와 주식시장을 보유하게 됐다. 브라질·러시아·인도·중국과 함께 '브릭스'(BRICS)라고 불리는 신흥 경제국으로 부상하기도 했다.

그러나 지난 6월 만델라의 임종 임박설이 흘러나오면서 남아공 금융시장은 요동쳤다. 만델라가 병세 악화로 입원했다는 소식이 전해진 직후 남아공의 랜드화 가치는 급락하고 주가는 폭락했다. 흑백화합의 상징이었던 만델라가 없는 남아공에 사회 불안에 따른 폭동이 일어날 것이라는 우려 때문이었다.

남아공이 아프리카 최대 경제국으로 부상했지만 여전한 빈부격차와 실업문제는 만델라의 타계를 계기로 흑백갈등으로 불거질 수 있는 잠재적 요소로 여겨지고 있다.

남아공은 가난과 불평등 문제뿐 아니라 높은 물가와 실업률 등 고질적인 문제도 산적해있다. 특히 일자리 부족이 심각해 지난 3분기 실업률은 25%에 달했다. 전력난 등 열악한 기반시설로 인한 문제도 글로벌 기업이 투자를 꺼리는 요인 가운데 하나다.

이에 따른 사회 불안도 리스크 요인이다. 지난해 남아공에서는 5년 만에 가장 많은 파업이 발생하는 등 최근 들어 파업 건수가 나날이 증가하고 있다. 심각한 빈부격차를 견디지 못한 노동자들이 들고 일어난 결과다.

지난해 백금광산 밀집지역인 러스틴버그에서는 근로자들이 임금인상을 요구하며 파업을 벌이자 경찰이 발포해 34명이 사망하기도 했다. 파업으로 빚어진 조업 차질의 82%가 광업 부문에서 발생해 남아공의 성장률은 올해 2%대에 그칠 전망이다.

전문가들은 남아공 정부가 떠안은 막대한 재정적자도 염려하고 있다. 지난 3분기 남아공의 GDP 대비 재정적자 비율은 6.8%를 기록했다. 랜드화는 올해 들어 달러 대비 8.4% 평가절하돼 취약한 신흥국 화폐 5위권에 들었다.

한편 오는 10일 남아공 요하네스버그에서 열리는 만델라 전 대통령의 추도식을 비롯해 9일간 이어지는 추모기간에는 세계 주요국 지도자와 유명인사들의 조문행렬이 이어질 전망이다.

영국 일간지 가디언은 만델라의 추도식이 교황 요한 바오로 2세, 영국 다이애나 비, 존 F 케네디 전 미국 대통령, 윈스턴 처칠 전 영국 총리 등의 장례식과 비교될 수 있을 것이라고 예상했다."
2013. 12. 8 오후 9:53:37,http://sunbkim.tistory.com/54,인디 개발자들이 열정적으로 실패하는 방법,"스프리폭스의 대표 다니엘 쿡이 PAX에서 인디 개발자들을 만나고 그들의 실수에서 배운 교훈.

사람 사이의 교류를 불협화음과 혐오스런 마케팅(게임의 탁월함을 가슴과 총으로 격하시키는 마케팅)으로 바꿔놓은 E3식 타락에도 불구하고 6층으로 올라가 만난 건 즐거움이었다. 인디와 보드 게임이 모인 6층은 다른 곳보다 훨씬 조용했다. 모든 부스가 자신의 꿈을 현실로 바꾸고자 영혼과 삶을 들이부은 사람들로 가득했다. 

나는 개발자들과 앉아 이야기를 나누었다. 그들은 그들의 관계와 도전, 희망을 이야기했다.

솔직히 말하면, 가슴이 아팠다. 훌륭한 게임이 너무도 많았다. 그런데도, 망가진 사업 모델, 망가진 프로덕션 기법, 우선순위에 대한 망가진 철학이 너무 많았다. 여기 시연된 게임의 80%는 개발 예산도 돌려받지 못할 것이다. 팀의 30%는 다음 2년 안에 살아남지 못할 것이다. 이 인력 손실은 게임계 전체의 손실이다. 소수만이 행운을 잡아 운이 다하기 전까지 다음 1-2년을 달릴 돈을 거머쥘 것이다.

95%의 개발자가 자기 돈으로 게임을 만든다. 그럼에도 그들이 시장을 바라보는 시선은 인디 게임 만으로 가족을 부양할 수 있는 가능성을 차단하고 있다.

구체적으로 말하자면...

어떻게 여러 플랫폼에 게임을 전개시키는지에 대한 이해가 없다. 여러분의 게임은 재미있고, 다듬어지지 않은 금덩이와 같다. 어디에나 여러분의 게임을 전개시켜 그걸 만드는 데 보낸 시간들을 보상받자. 스스로 그 일을 하기 어렵다면다른 곳과 협력하라.

멀티플레이어 계획에 대한 이해가 없다. 다른 사람들이 손도 못댈 멀티플레이어 게임을 만드는 건 쉽다. 게임에 참가하는 과정도 없고 낮선이와 즐길만한 방법도 없는 로컬 멀티플레이어를 만들면 된다. 그러면 기껏 만들어놓은 멀티플레이어 모드를 여러분의 게임을 하는 사람중 극소수만이 즐기게 되리라 장담한다. 20년 전의 디자인 철학으로 멀티플레이어를 무력하게 만들면 게임의 장기적인 사회적 가치를 모두 못 쓰게 만드는 것이다.

시험판이나 무료 버전이 없다. 사람들이 스크린샷만 보고 게임을 살 거라 생각하는 괴상한 바람이 있다. 1980년대 닌텐도의 세계에선 그랬다. 지금 세상은 다르다. 플레이어에게 먼저 가치를 준 다음에 팔아라.

보도자료에 과잉의존. 언론에서 다루는 게 직접적으로 판매와 연결되지는 않는다. 무엇보다 먼저 배급이 필요하다. 스팀은 시작이고, 모바일은 좋은 곳이며, 플래시 포탈은 훌륭하다.

머니타이제이션 전략이 없다. 많은 게임이 많은 컨텐츠를 지니고 있으면서 정당한 대가를 요구하지 않는다. ""평생에 걸쳐 만든 모든 것을 저가격에 판매하는 모델""은 게이머에겐 좋지만 개발자에겐 길거리로 나앉는 길이다.

소비성 컨텐츠를 몇년동안 비싸게 만든다. 정말 안타까운 일이다. 프로덕션 가치나 한 번 하고 말 레벨 때문에 게임플레이의 풍부함과 길이를 희생해버린다. 그것 때문에 밤새며 기력을 소진한다는 이야긴 듣기 고통스럽다. 나중에 모두들 그럴 필요가 없었다고 술회한다. 그러면서도 또 다시 그런 일을 반복하고 반복한다. 거기서 교훈을 얻어놓고 새로 만든 게임에선 5% 정도만 효율성을 올리고 만다. 80-90%는 효율성을 높여야 한다.

게임에 대한 장기적 비전이 없다. 너무 많은 팀이 게임 하나 만들고 나서 다음으로 옮겨버린다. 대신 게임을 장기적인 프랜차이즈로 만들어보는 건 어떤가. 여러분은 헤아릴 수 없는 가치를 만들어냈다. 그걸 쉽게 던져버리지 말라.

제한된 통계와 플레이테스트. 소수의 팀만이 버전 업을 가지고 정기적으로 플레이어에게 게임을 선보인다. 게임을 많은 플레이어들에게 선보인 게 PAX가 처음인 팀이 많았다.

엔진에 집중. 와...멋진 엔진 기술에 그만한 열정을 솓아붓다니. 정말 인생 낭비다. 내가 봤던 게임 중 어느 것도 독자적인 엔진이 필요 없었고 유니티나 플래시면 시간을 절반으로 아낄 수 있었다. 그렇다고 결과적인 게임이 조금도 뒤떨어지지 않는다. 그리고 100배, 1000배는 많은 사람이 플레이하게 된다.

온라인 게임 운영에 대한 완벽한 무지. 훌륭한 게임플레이를 온라인 서비스로 전환해 꾸준한 수익을 낸다는 생각을 다들 생소해했다. 이에 관해선 인디에게 줄 수 있는 역사적 교훈이 많다. 한 번 하고 말 게임을 만든다는 것은 수익이 간헐적이며 돈의 흐름이 제로에 가깝다는 것이다. 돈의 흐름이 없다는 것은 곧 죽음이다.

다른 어떤 작업이 훌륭하게 되었더라도 이 중 하나라도 놓치면 여러분의 게임과 회사가 죽을 수 있다. 그리고 고치는 데 그렇게 시간이 오래 걸리지도 않는다. 전환하고, 조정하라.

내가 이런 문제들에 대해 이야기했음에도 그들은 생각하지 않거나 별로 중요하지 않은 사항으로 취급하는 것 같았다. 인디 개발자들은 깊은 긍지를 지니고 자신의 게임에 엄청난 시간을 투자한다. 이런 것들에 의문을 갖는 것은 열정에 의문을 갖는 것이 되는 것 같다.

그러니 내가 할 수 있는 건 그들을 안아주고 격려의 말을 해주는 것이다. 열정적으로 실패하는 방법을 선택한 데 대해 깊은 사랑과 존경을 표한다. 눈먼 여정을 떠나는 이에겐 뭔가 영웅적이고 비극적인 면이 있다. 가라, 인디."
2013. 12. 8 오후 9:54:47,http://www.dongascience.com/news/view/3172/news,커피보다는 시원한 맥주를 즐겨야 하는 이유!,"바쁜 업무시간에 마시는 한 잔의 커피. 하루의 스트레스를 털어내기 위해 동료들과 마시는 시원한 맥주 한 잔.
 
  직장인들에게 둘 중의 하나만 골라야 한다면 어린아이가 '엄마가 좋아, 아빠가 좋아'라는 질문을 받은 것처럼 고민에 빠질 수 밖에 없을 것이다.
 
  하지만, 오래 살고 싶다면 음료도 골라서 마셔야 한다는 연구결과가 나와 직장인들의 고민을 덜 수 있을 것으로 보인다.
 
  이스라엘 텔아비브대 분자미생물학&생물공학과, 컴퓨터공학부와 미국 콜롬비아대 생명과학과 공동 연구진은 염색체 말단에 위치한 DNA가닥인 ‘텔로미어’의 길이가 환경에 따라 달라진다는 연구 결과를 세계적 유전학 분야 학술지 ‘플로스 지네틱스’에 게재했다.
 
  텔로미어는 염색체 끝에 붙어 있는 DNA 가닥으로, 수명과 노화에 관련된 부위로 알려져 있다. 세포가 유전자 복제를 거듭하면서 텔로미어의 길이가 점점 짧아져 끝 부분만 남으면 더 이상 복제가 일어나지 않아 세포가 죽게된다.
 
이스트를 어떤 환경에 처리하느 냐에 따라 텔로미어의 길이가 달라진다. 에탄올 7%를 처리할 경우 텔로미어가 300염기쌍 이상 길어지고, 카페인 12mM을 처리할 경우 100염기쌍 이상 짧아진다. - Environmental Stresses Disrupt Telomere Length Homeostasis. PLoS Genetics, 2013; 9 논문 제공
이스트를 어떤 환경에 처리하느 냐에 따라 텔로미어의 길이가 달라진다. 에탄올 7%를 처리할 경우 텔로미어가 300염기쌍 이상 길어지고, 카페인 12mM을 처리할 경우 100염기쌍 이상 짧아진다. - Environmental Stresses Disrupt Telomere Length Homeostasis. PLoS Genetics, 2013; 9 논문 제공
  연구팀은 환경에 따라 텔로미어의 길이가 어떻게 달라지는 지 실험했다.
 
  빵을 만들 때 쓰는 이스트를 에탄올·이소프로판올·고온·카페인 등 13개 환경에 놓고 관찰한 결과, 이스트 세포 속 염색체의 텔로미어 길이는 카페인이 처리된 환경에서는 100염기쌍 이상 짧아지고, 5~7%의 에탄올이 처리된 환경에서는 300염기쌍 이상 길어지는 것을 발견했다.
 
  커피를 마시면 텔로미어가 짧아지고, 맥주를 마시면 텔로미어가 길어진다는 얘기다.
  또 연구팀은 텔로미어가 가장 길게 늘어난 이스트와 짧게 줄어든 이스트의 유전자 검사를 실시한 결과, 텔로미어의 길이를 조절하는 ‘Rap1’과 ‘Rif1’ 등 400여 개의 유전자를 발견했다.
 
  텔아비브대 분자미생물학&생물공학과 마틴 쿠피엑 교수는 “텔로미어의 길이와 관련됐다고 밝혀진 이스트의 유전자는 사람도 가지고 있는 유전자”라며 “이번 연구결과는 수명과 노화, 질병 등을 관리하는 데 식이 조절이 중요하다는 의미로, 커피를 즐기는 사람이라면 텔로미어를 위해 맥주도 조금씩 마셔보는 것도 괜찮을 것”이라고 설명했다."
2013. 12. 8 오후 11:28:28,http://sangminpark.wordpress.com/2013/12/08/%EC%95%84%EC%9D%B4%EB%94%94%EC%96%B4-%EC%83%9D%EA%B0%81-%EC%95%88%ED%95%98%EA%B8%B0/,아이디어 생각 안하기,"들어가며

난 어려서부터 코딩한 그런 창조적 아이는 아니었다. 그저 98년 당시 가장 쿨했던 전공 컴퓨터공학(지금은 상상 안가겠지만..) 에 발 담궈봤을 뿐이다. 처음 1년간은 C 프로그래밍이 너무 어려워 학점이 계속 “씨 씨” 욕을 해댔다. 1년정도 지났을때 좀 색다른 경험이 있었다. 교회의 젊은 전도사님이 어느날엔가 잡지책을 한권 펴 놓고 끙끙대고 있는걸 봤다. 무엇을 하시느냐 묻자 잡지사의 상금이  걸린 퍼즐 문제를 푼다고 했다. 그분은 사실 좀 많이 가난했었는데 거기에 진심으로 희망을 걸고 계신 듯 했다. 그런데 문제들중 딱 한가지만 모르겠다고 울상이었다.  퍼즐은 숫자가 나열되어 있고 중간 중간에 비어있는 연산부호를 넣어 결과 숫자를 만들어내는 문제였다. ‘안 어려워 보이는데?’ 생각했지만 한참 끙끙대도 조합이 안 나왔다. 가능한 연산자의 조합이 수도 없이 많으니 당연했다. 그러다가 언뜻 머릿속을 스친 생각이 ‘가만..코드로 짜면 그 많은 조합을 컴퓨터가 할 수 있잖아?’. 막상 코딩하는데는 몇분 안 걸렸고 프로그램은 곧바로 답을 찾아냈다. 이 모습을 곁에서 지켜보던 전도사님은 눈이 휘둥그레져, 과장하자면 마치 홍해가 갈라지는 것을 목격한 사람처럼 흥분했다. 그 주 내내 만나는 사람마다 “저사람 천재”라고, 심지어는 설교중에도 토해내던 흥분이 다음 호 잡지의 당첨자 목록에 본인 이름이 없는걸 확인한 후에야 멈췄다.

두뇌의 조작질

작은 에피소드를 아직 기억하는 이유는 내 코드가 어떤 사람의 중요한 문제를 해결한 첫 경험이기 때문이다. 그전에 학교에서 해오던 숙제, 프로젝트는 매년 반복되는 이미 정답이 정해진 훈련이었다면 그날의 코딩은 일상에서 맞닥뜨리는 살아있는 문제를 해결한 것이다. 요즘 종종 블로그를 읽고 일개 프로그래머인 내게 스타트업 아이디어를 상담해오는 분들이 있다. 대부분 재미있고 신선하다. 그런데 거의 모든 경우 슬라이드를 다 읽고 난 후에도 그 아이디어가 어떤 문제를 해결하는지 알수가 없다. 많은 경우 본인의 아이디어가 “새롭다” 또는 “지금껏 없었다”라고 이야기 한다. 그말이 맞다. 새롭다. 하지만 새로운 아이디어는 무한대로 만들어낼수 있다. 트위터에 한글자 더 추가해 141 글자를 가능케 하는 것도 아이디어고, 139자로 제한하는 것도 아이디어다. 다만 아무도 원하지 않을 뿐.

폴 그레이엄이 “스타트업 아이디어”에서 지적했듯 아이디어에서 시작하는 것은 너무도 위험하다 [1]. 무한한 아이디어의 바다에는 반짝이는 돌들이 너무 많아서 우연히 예쁜 돌맹이 하나를 집어들고 진주라고 믿는 경우가 많다. 스타트업을 꿈꾸는 나는 종종 아침에 샤워하다가 혹은 밤늦게 뜨거운 욕조에 누워 생각하다가 깜짝 놀랄 쿨한 아이디어가 생각나곤 한다. 흥분된 마음에 검색을 해보고 아직 아무도 시도하지 않았다는 걸 알땐 가슴이 벌렁벌렁 한다. 우뇌는 어떻게 구현할까 생각하고, 좌뇌는 벌써 빌게이츠집에 놀러가 있다. 생각의 그 다음단계는 쿨한 아이디어가 해결하는 문제를 “창조”하는 것이다. 사람들은 이러 이러한 문제를 겪고 있는데 내 아이디어가 그들의 문제를 해결해 줄 것이라 가정한다. 생각이 더 깊어지면 창조해낸 그 문제가 내게 그동안 고통이었다고 믿기 시작한다. 문제가 주는 고통이 심하다고 믿으니 아이디어는 더 빛나 보인다. 이 스타트업은 대박이다!

gollum

하지만 냉정하게 돌아보면 결국 두뇌의 장난질이다. 아이디어를 떠올리기 전까지는 사실 그 문제가 쓰라려본 적이 없다. 아이디어를 정당화 시키기 위해 두뇌가 한 조작질에 또 한번 당했을 뿐이다. 아이디어를 갖고 싶어한 그 순간부터 내 두뇌는 내 편이 아니다.

문제부터 생각할때

성공한 스타트업은 모두 문제에서 시작한다. 트위터의 창업자지만 세력 다툼에서 밀린 잭 도시(Jack Dorsey)는 Square라는 모바일 페이먼트(Payment) 스타트업을 다시 시작해 현재 적어도 3조원 이상의 가치를 평가 받는다. 잭 도시는 물건을 살 때마다 이런 질문을 했다. “왜 지금 내가 지갑에 손을 가져가 신용카드를 꺼내야 하지?” “왜 카드가 승인나서 영수증이 나올때까지 어색하게 서서 기다려야 하지?” “왜 또 나는 영수증에 사인해서 다시 돌려주고, 카드를 넣은 지갑을 다시 주머니에 집어 넣어야 하지?” [2] 보통 사람들은 당연하다고 생각한 결제의 과정이 잭 도시의 일상에서는 괴로움이었다. 아마도 리누스 토발즈가 본인을 ‘게으름뱅이’라고 지칭한 이유와 같을 것이다. 대부분 사람들에겐 익숙한 삶의 방식이 창업자들에겐 너무 귀찮고 불 필요해서 코딩으로 해결해야하는 문제로 보인 것이다.

사실 잭 도시, 리누스 토발즈 같은 “난 놈” 들에게만 그런 문제가 보이는 것은 아니다. 때론 누구나 알고 있는 문제를 다른 이유로 해결하지 못하는 경우가 많다. 이번주 미국에서는 홈조이라는 집 청소 스타트업이 약 400억 이상의 펀드를 받았다 [3]. 창업 1년만에 꽤 많은 매출을 올리는 알짜배기 스타트업으로 알려져 이곳 기준으로도 큰 펀드를 받아낸 것이다. 홈조이는 깔끔한 웹 페이지에서 집 청소를 요청하면 미국의 대도시에 있는 청소 업체들을 연결해 청소부를 파송한다. 스스로 청소부를 고용할 필요도 없고 홈페이지 하나 예쁘게 만든다니 마치 대동강 물 팔아먹은 봉이 김선달마냥 기발해 보인다. 그런데 꼭 그런 것일까? 아래는 홈조이의 창업자 Adora Cheung의 트윗에서 발췌한 것이다. 청소부들과 함께 추수감사 식사후 찍은 사진이다.


피부색도 사회적 클래스도 완전히 다른 청소부 사회에 들어가 그 업체들과 네트웍을 만들만한 용기, 적극성을 가진 프로그래머가 얼마나 될까? 실제 Adora Cheung은 인터뷰에서 본인이 청소부로 일했던 경험이 중요했다고 얘기했다. “집청소” 혹은 “청소부 고용” 이라는 문제는 아마도 몇천년의 역사를 가진 누구나 아는 문제인데 그걸 인터넷으로 가지고 온 것은 홈조이가 처음이다. 때론 문제를 알지만 해결할 용기가 없을 뿐이다. 비슷한 다른 예로 Stripe라는 페이먼트 스타트업이 있다 [4]. 수없이 많은 프로그래머들이 자신의 프로그램을 온라인에서 돈 받고 파는 그 과정을 고통스러워했다. 하지만 누구도 해결하려 들지 않았다. 코딩은 자신 있지만, 금융회사를 상대하는건 상상도 못할 일이기 때문에. 그걸 처음 시도해 의외로 쉽게 문제를 해결하고 페이먼트 서비스를 만든것이 Stripe 이다. 모든 프로그래머가 고통을 느꼈지만 금융회사의 문을 한번 두드려볼 용기는 없었다.

그래서 어쩌라고?

아이디어라는 단어를 떠올리는 순간부터 두뇌는 스스로를 속이기 시작한다. 그대신 우리 주변에 있는 문제를 발견하면서 스타트업은 시작된다. 때로는 홈조이, Stripe의 예처럼 스스로 단정지은 영역을 넘지 못해 알면서도 문제를 해결하지 못하는 경우가 있다. 그러나 더 많은 경우는 사실 우리가 문제를 발견할만한 자격을 갖추지 못했기 때문이다. 언젠가 이런 표현을 본 적이 있다. “Founders attract the problem (창업자는 문제들을 매혹시킨다)”. 문제가 매력적이어야 하는게 아니다. 우리 주변에 수도 없이 존재하는 문제들중 하나가 당신에게 다가가고 싶을만큼 당신이 매력적이어야 한다는 뜻이다. 이런 표현도 좋다. “Problems want to be discovered (문제는 자신을 드러내고 싶어한다)”. 준비된 사람에게 보일 뿐이다. Ev Williams는 Blogger, Twitter에 이어서 최근엔 Medium 이라는 세번째 스타트업을 창업해 성공 신화를 이어가고 있다. 꾸준히 한 우물만 파다보니, “웹에서 글쓰기” 라는 주제에서는 대박 문제들이 그에게만 자신을 드러내는 것이다.

스타트업을 꿈꾼다면 그래서 보이지 않는 문제들에게 매력적인 사람이 되어야 한다. 방법은 의외로 간단하다. 첫째, 무언가를 정말 좋아해야 하고, 둘째는 작은 문제부터 해결해봐야 한다.  Ev Williams가 글쓰고 읽는 것을 좋아하지 않는다면 2조원 넘는 재산이 있으면서도 medium.com을 창업할 이유가 없다. 잭 도시는 아주 어려서부터 트위터를 상상하고 있었다 [5]. 두 사람 다 문제에 빠져 사는 것이다. 페이스북의 마크 쥬커버그는 어려서부터 아버지의 치과 사무실과 자신의 집을 연결하는 작은 문제를 메신져를 코딩해 해결했다. 페이스북의 전신 Facemesh는 내성적이라 여친을 사귈 수 없었던 쥬커버그가 여학생들 사진을 스토킹하며 문제를 해결한 방식이었다. 사소한 문제를 해결하다보니 소셜 네트웍이라는 대박 문제를 얻은 것이다.

그래서 아이디어 생각은 멈추고, 좋아하는 것(직업일수도 있고 취미 일수도 있는)을 계속 하자. 그 과정에서 나를 괴롭히는 어떤 문제가 있는지 세심하게 관찰하자. 혹 문제가 대박처럼 보이지 않을지라도 내게 중요하다면 코딩으로 해결해보자. 그러다보면 언젠가 대박 문제가 당신에게 노크할지도 모른다.
"
2013. 12. 9 오전 9:40:26,http://blog.naver.com/hong8706/40148619987,"왜 젊은 여성들은 그렇게 키와 소득, 재산에 집착할까?","안녕하세요~

매번 재미 없는 글만 쓰는 데 지쳐.. 오늘은 조금 재미있는 이야기를 해볼까 합니다. 

바로 그것은 현대 남성과 여성들의 비합리적인 행동에 대한 것입니다.  간단하게 제 소개를 하자면, 중매를 했던 커플 중에 무려 세 쌍이 결혼한 것을 평생의 자랑으로 삼고 사는 40대 중반의 유부남입니다(세 커플 모두 아이들 낳고 잘 삽니다).

그런데 요즘 한 가지 고민이 있으니.. 그것은 다름이 아니라 저의 중매가 약발을 상실했다는 것입니다. ^^;;;

90년대 말이나 2000년대 초반까지 제가 소개한 커플들이 참 잘 되는 것을 봤지만.. 지난 6년 정도는 애프터 신청도 드물 정도로 100전 100패를 기록 중입니다. 특히 어떤 아가씨들은 '어떻게 그런 사람을 소개시켜주냐'는 극단적인 이야기까지 저에게 하더군요. ㅜ.ㅜ

그래서 주변에 젊은 처녀를 대상으로 탐문(?)한 결과 다음의 세 가지 결론을 얻을 수 있었습니다.  그리고 그 결론은 굉장히 암울합니다.

1. 젊은 여성들의 키에 대한 집착이 강해졌다.

언론 때문인지.. 아님 그넘의 말도 안되는 드라마 때문인지는 모르지만, 젊은 여성들의 키에 대한 기대치가 무척 높아졌습니다. ㅜ.ㅜ

한번은 174 전후로 추정되는 젊은 남성을 160 초반의 젊은 아가씨에게 소개했는데.. 세상에 ""자기는 그런 호빗이랑 못 만난다""는 이야기까지 들었습니다(제가 170정도 되는데 그 총각은 저보다 꽤 컸습니다).

제 키가 170이지만 얼마든지 연애하고 또 결혼까지 잘 했던터라.. 이 말을 듣는 데 귀가 띵~ 하더군요.  그래서 우리나라 키 분포를 찾아 봤습니다. 한국 남자 키가 예전보다 커진 것은 사실이지만 평균은 173, 그리고 중앙값도 173에 불과합니다.  특히 31만 명 중에서 181 이상의 키를 가진 사람은 3만 4천 명(12% 전후)에 불과합니다.

이게 2005년 결과인데..최근에는 이보다 키가 더 줄어드는 추세라고 하니, 180 이상의 키를 가진 젊은 남성만 찾는 여성의 결혼 확률은 12% 전후에 수렴할 것입니다(아래 <그림>을 누르면 큰 그림을 볼 수 있습니다).



2. 젊은 여성들의 소득에 대한 눈이 너무 높다

제 주변 젊은 여성분들이 다 취직에 성공한 탓인지 몰라도 소득에 대한 기대수준이 너무 높습니다.

역시 아래의 근로자 소득 분포를 보면 평균이 3천만원 정도 될지 모르지만.. 중앙값은 그보다 훨씬 낮은 2천 만원대 초반이라는 것을 알 수 있습니다.  왜 이런 현상이 나타나느냐 하면 그 넘의 양극화 때문입니다.  100명이 술먹고 있는 호프집에 워런버펫이 나타나면 그 호프집 101명의 평균 소득은 아마 수백억이 될 것입니다.  그러나 호프집 101명의 중간 소득은 겨우 2천만원대 초반이죠.

이처럼 상위 10% 혹은 상위 1%의 소득이 너무나 큰 비중을 차지하면 '평균'이란 값은 사실상 아무런 의미가 없습니다.  문제는 아래의 통계가 근로자 전체(평균 40대 초반)이라는 것입니다.  젊은 여성의 배우자가 되는 남성들의 주된 나이는 30대 초반인데.. 우리나라 '노동계'의 자료에 따르면 40대 중반이 일생에서 가장 소득이 높으니..

아래의 통계에서 약 20%를 할인해야 30대 초반 근로자들의 평균 임금이 나옵니다.

따라서 제 주변 젊은 여성들이 바라는 연봉 4천 이상의 30대 초반 남자는 전체의 10%에 불과합니다(아마 그 보다 낮을 겁니다.. 공시족이 200만 넘으니까요).  그런데 소득과 키 사이의 상관관계가 '0'에 가까우니(이 부분은 그냥 둘이 별다른 연관 없다고 보면 됩니다), 10%×10%=1%

따라서 그 아가씨가 원하는 짝을 찾을 확률은 1%로 떨어집니다.



3. 젊은 여성들의 자산에 대한 눈이 너무 높다

이것도 참 답답합니다.  매일 드라마를 봐서 그런걸까요?  맨날 재벌만 나오니까 말입니다.  암튼 우리나라 가계의 자산 수준에 대해 너무나 잘못된 정보를 가지고 있는 듯 합니다.

제가 다니는 은행의 여성 PB들를 대상으로 강의하는 도중 질문했죠.  ""한국 소득 1%가 되기 위한 순자산 커트라인이 얼마냐""고 말입니다.  그랬더니 욘석들이 전부 100억~  이러는 겁니다. ㅜ.ㅜ  (아시는 것처럼 PB의 상당수가 여성들입니다. 왜냐하면 영업을 더 잘하거든요.)

아래의 그림은 '2010년 국정조사'에서 나온 데이터로 2010년 5월 조사 통계로 알고 있습니다.  그림에 잘 나와 있는 것처럼, 한국 가계의 50% 이상이 1억 이하의 순자산을 가지고 있고 10%도 5억 정도의 순자산을 가지고 있을 뿐입니다.

그리고 2011년 들어서 부동산가격이 부산경남권 제외하고는 부진한 모습을 보였으니, 지금도 이와 비슷할 것으로 추정됩. 그런데 제 주위 미혼 여성의 상당수가 재산 10억은 있어야 한다는 겁니다(한 마디로 서울에 아파트를 사줘야 한다는 이야기죠).  그럼 상위 5%의 자제를 찾는 거죠. -_-;;;

문제는 그런 조합(소득10%×키12%×자산5%)을 가진 미혼 남성이 제 주변 미혼 여성과 결혼할 이유가 없다는 데 있죠.


결론: 포기

그래서 요즘은 중매 포기했습니다. -_-;;;
이건 전혀 매치가 안되요.
맨날 3부 리그에 있는 팀이 맨체스터 유나이트를 이기기를 바라는 거니까 말입니다.

이어서 이와 연관되는 글 한편(짝짓기 행동의 기원)을 더 올려보도록 하겠습니다.  즐거운 새해 되세요~"
2013. 12. 9 오전 9:40:49,http://m.media.daum.net/m/media/economic/newsview/20131208204207712,[집중취재] 한국 소비자 '봉' 되는 이유는?,"[뉴스데스크]

◀ＡＮＣ▶

하지만 최근 많은 소비자들은 국내보다는 해외 쇼핑으로 눈길을 돌리고 있습니다.

수입품의 경우도 그렇지만 국내 기업이 생산한 제품까지 가격 차이가 너무 크기 때문인데요.

국내 소비자들이 봉 취급을 받고 있는 이유는 뭔지 곽승규 기자가 따져봤습니다.

◀ＶＣＲ▶

최근 수입된 해외 전자업체의 최신형 노트북.

미국의 유명 쇼핑 사이트의 가격은 3백50 달러, 우리 돈 약 37만원입니다.

국내의 전자제품 매장에선 두 배 가까이 비싼 가격에 팔리고 있습니다.

◀ＳＹＮ▶ 00마트 판매원

""얼마예요?""

""73만9천원인데 추가로 더 싸게 할 수 있는지 알아볼게요. (할인해서) 69만 9천원이고요.""

수입품을 국내 소비자가 구입하기까지 거치는 과정은 크게 4단계.

이 가운데 국내 수입업체가 외국 제조업체와 맺는 독점계약이 가격 상승의 주 요인으로 지목됩니다.

수입품은 그렇다치고 국산 제품마저 외국보다 국내 가격이 비싼 이유는 뭘까?

55인치 삼성 스마트 TV의 경우 미국 인터넷 사이트 구매가가 211만원인데 반해 국내 온라인 최저가는 306만원입니다.

해외에서 200여만원이면 살 수 있는 LG TV 역시 국내 최저가는 330만원으로 130만원 이나 더 비쌉니다.

◀ＩＮＴ▶ 오근표/가전업계 관계자

""미국시장 규모는 국내보다 수십배 크고, 배송 및 A/S비용, 제품사양, 시청편의성 등 구매조건을 비롯해 유통구조가 전혀 다르기때문에...""

시장 규모의 차이, 다시 말해 미국시장은 크니까 박리다매로 팔고 국내 시장에선 제 값을 받고 있다는 얘기입니다.

또 미국에선 현지 유통업체들이 가격결정권을 가지고 있는 반면 국내에선 대기업들이 제조는 물론 유통까지 장악하고 있다는 것도 큰 차이입니다.

국내 대기업 브랜드에 대한 소비자들의 높은 충성도가 기업들이 고가정책을 펴는 한 요인이 된다는 분석도 있습니다.

◀ＩＮＴ▶ 김주영/서강대 경영학과 교수

""국내에서는 우리나라 대형 제조업체가 시장지배력이 있기 때문에 아무래도 소비자가가 조금 올라가는 현상들이 있고요...""

하지만 너무 큰 가격 차이에 점차 소비자들이 해외 직접 구매로 눈을 돌리고 있어 기업들의 고가정책에도 변화가 불가피할 거란 전망도 나오고 있습니다.

MBC뉴스 곽승규입니다."
2013. 12. 9 오전 9:42:12,http://media.daum.net/economic/newsview?newsid=20131208223707863,대학생·환자 가족 있는 봉급자 세금 대폭 는다,"환자나 대학생 가족이 있는 중산층 봉급 생활자의 내년 세부담이 크게 늘어날 것이라는 분석이 나왔다.

8일 국회 예산결산특별위원회 조정식 의원(민주당)의 '예산·세법 심의' 자료를 보면 현재 소득공제 방식인 교육비와 의료비 공제가 정부 방안대로 세액공제로 바뀌면 세수는 지금보다 각각 8050억원과 5605억원 증가할 것으로 전망됐다. 또 보장성 보험료의 세액공제 전환으로 늘어나는 세수는 1조2528억원으로 예상됐다. 전체적으로 2조6237억원의 세수가 늘어나는 것이다.

이 같은 분석은 기획재정부가 세법개정안을 내놓을 때 추계했던 금액과 큰 차이가 있다. 당시 정부는 교육비 공제에서는 880억원의 세수가 늘지만 의료비와 보장성 보험 공제에서는 각각 620억원과 790억원이 줄어 전체적으로 이 항목에서 세금이 전년보다 530억원 감소할 것으로 봤다.






조정식 의원의 분석은 한국재정학회가 지난 10월 작성해 기재부에 제출한 '소득공제제도 개선방안 연구' 결과에 바탕을 뒀다. 이 자료는 한국조세재정연구원이 각종 조사 때 표본으로 사용하는 5634가구의 소득공제 정보를 사용해 신뢰도가 매우 높다고 조 의원은 설명했다.

항목별로 교육비 부문에서는 현재 초·중·고교 및 대학에 따라 1인당 300만~900만원 한도로 적용하는 교육비 특별공제를 세액공제(15%)로 전환하면 가구당 평균 3만원의 세부담이 느는 것으로 나타났다. 의료비 부문에서는 가구당 평균 2만원, 보험료 부문에서는 가구당 7만원의 세부담이 늘어날 것으로 예측됐다.

조 의원은 ""재정학회의 연구 결과 등으로 보면 교육비·의료비·보험료 소득공제의 세액공제 전환으로 가구당 평균 12만원의 세금이 증가하는 것으로 확인됐다""며 ""질병이 있는 가족이나 대학생 등을 가족으로 둔 급여 생활자는 내년에 세부담이 크게 늘 것으로 우려된다""고 말했다.

조 의원은 또 ""정부는 고소득자일수록 의료비·교육비 등 특별공제를 많이 받고 있기 때문에 소득공제를 세액공제 방식으로 바꾸는 것이 정당하다고 주장하지만 정확한 효과는 구체적으로 밝히지 않았다""며 ""봉급생활자의 조세저항을 우려해 '증세' 규모를 고의적으로 축소한 것으로 볼 수 있다""고 덧붙였다."
2013. 12. 9 오전 9:42:39,http://larca.egloos.com/m/3996368,흑사병과 고양이 살처분 (1),"항간에 이런 이야기가 있습니다. 

'중세유럽, 교회권력은 흑사병을 마녀의 저주로 보고, 

마녀와 함께하는 고양이도 함께 사냥.

고양이의 개체수는 급감하게 되고....

천적이 없어지자 

흑사병의 원인인 쥐가 대량으로 창궐하여 

흑사병이 퍼지는 큰 도움을 주고 말았다. 

그결과 유럽 인구의 절반이 죽고 말았으니.....ㅉㅉ'

다시는 고양이를 무시하지 마라!

는 식의 이야기죠.

뭐 이걸 '인간의 오만'까지로 연결지어서 
'생태계를 우습게보다 큰 코 다침 ㅋㅋ', '저 새는 해로운 새다' 
등등에 연결시키는 것도 많이 봤습니다. 

이래서 고양이를 죽이는게 무척 해로운 일이며 
인간은 고양이를 가까이하는 편이 낫다는 식으로의 전개도 있죠. 

뭐. 좋은 이야기죠. 










근데 그런 이야기대로라면 인간들이 '고양이'를 죽이지 않았더라면 흑사병을 막을 수 있었다거나 

막을 순 없더라도 확산속도를 더디게 할 수 는 있었을 것이라는 이야기가 되어야합니다. 










과연 고양이를 많이 기르면 흑사병을 막을 수 있었을까?

'고양이배제 - 쥐 창궐 - 페스트 확산전파'

단순하게 보면 이런 이야기인데

그럼 고양이를 배제하지 않은 집단에서는 
반대 양상이 나타났거나 유의미하게 볼 양상이 나타날까요?



528
 < 흑사병 2차 대유행을 맞이한 유럽 >

위 지도는 유럽에 집중하고 있어서 아래는 잘 안 보입니다만

지중해연안 북아프리카나 중동의 사정을 보면 됩니다. 


사실 이 지도만 본 사람은

'흑사병'이 유럽에만 퍼진 전염병으로 인식하게 될 겁니다.

다른 세계를 안 보여주니까요.



유럽은 기독교의 영향으로 '고양이는 사탄의 종자'라는 인식이 있었다고 하지만

이슬람권은 전혀 그렇지 않았습니다. 

이슬람권에서 고양이에 대한 대접은 무척 후했습니다. 

심지어는 최후의 선지자 무함마드에게 '무에자'라는 이름의 고양이가 있었는데, 

어느날 무함마드가 기도하던 중 
무에자가 무함마드 옷자락에서 장난하며 놀다가 그대로 잠들어버리자

기도를 마치고 일어서려던 무함마드가 무에자를 깨우기보단 
칼을 가져오게 해서 옷자락을 잘라서 자게 두었다는 이야기도 있죠.

이게 역사적 사실이라는 증명은 없지만, 
이슬람 민간에 이런 이야기가 퍼질 정도로 
고양이에 대한 인식이 전반적으로 좋았다는 말이 됩니다.

저 이야기 말고도 고양이를 우대하는 종교적 정책이나
일화는 차고 넘칩니다. 

640
 < 괜히 고양이가 메카에 있는게 아닙니다 >

기독교의 유럽처럼 종교적 이유로 고양이를 박해할 이유도 전혀 없는데다가 

고대 이집트 시절부터 고양이를 귀하게 여기던 전통이 확립된게 북아프리카 - 중동입니다. 



그러니까 줄여 말하면

유럽에서 고양이 천대하고 있을 때 

지중해 건너편 중동에서는 고양이를 엄청 예뻐하고 있었다는 이야깁니다. 



 유럽에서 고양이 때려잡아서 쥐가 대량발생 -> 흑사병 대확산 이 테크를 밟고 있었다고 하면

이슬람권에서는 고양이를 때려잡기는 커녕 엄청 키워대고 있었으니 쥐가 감소 -> 흑사병 확산저지

뭐 이런 테크를 밟아야한다는 말이겠죠?

640
503
 < 지중해 연안 도시부터 차별없는 싹쓸이 시작 >

유럽 기독교세계와 이슬람세계는 흑사병 전파속도면에서 별 차이가 없었습니다. 

지중해 연안에 있기만 하면 흑사병은 신속하게 퍼졌습니다.

그리고 내륙으로 속속 퍼져나갔죠. 

전파확산속도에서 유럽 기독교세계나 이슬람세계나 별 차이없었습니다. 

전염병 전파확산에서 '종교세력'이 유의미한 작용을 하지도 않았을 뿐더러




137
< 좋아하든 싫어하든 상관없어 토마토를 먹어야 한단다 >

고양이가 있건 없건 그런건 상관없이 

모두들 사이좋게 흑사병에 걸렸습니다. 

이슬람세계는 고양이를 잘 키운 덕에 흑사병이 막아졌습니까?    

흑사병 확산전파속도가 느려졌습니까?


246




페스트 박테리아가 인체에 감염되는 방식은 크게 세 가지 정도입니다. 
(증상분류가 아닙니다)

1. 쥐벼룩이 사람피를 빨아 사람에게 감염

2. 감염된 사람이 기침하면서 옆에 있는 사람에게 감염 

3. 환자 혈액속에 우글우글한 페스트 박테리아를 빤 벼룩등이 다른 인간의 피를 빨아 감염


일단 2처럼 사람이 사람에게 퍼뜨리고 있는 상황에서는 고양이가 쥐를 잡아봐야 아무소용없죠.

사람 대 사람으로 퍼뜨리는 경우에는 고양이는 아무런 효과를 발휘할 수 없습니다. 

흑사병의 빠른 전파를 '사람'에 무게를 두는 관점에서는

'쥐'따위는 문제가 아니며 이 단계에서는 고양이가 개입할 건덕지가 없습니다. 

640
 < 쥐가 나왔는데 왜 잡지를 못하니 >

그러면 고양이가 있으면 1의 상황을 막을 수 있을까요?

고양이가 쥐를 사냥하니까?

하지만 

 고양이가 있다고 쥐가 '없어'지는게 아닙니다. 

창고당번에 구제 스킬 가진 부관을 배치한다고 쥐 발생 안 하는게 아니죠. 


고양이는 쥐를 박멸할 정도로 사냥능력이 출중한 동물이 아닙니다. 

쥐가 고양이에게 박멸될 정도로 생존지능과 번식력이 떨어지는 동물이었다면 천년도 전에 박멸되었을텐데요. 

고양이 있다고 쥐가 박멸되는게 아니고 쥐의 개체수가  줄어들 뿐.

고양이가 있어도 흑사병을 퍼뜨릴 쥐의 수는 충분합니다. 

위에서 보았다시피 고양이의 천국이었던 중동 이슬람세계도 유럽 기독교세계와 동일한 충격에 빠졌죠. 



150
< 고양이 학살자 >

 1484년에 교황 인노첸시오 8세 칙령으로 

고양이 말살정책 대대적으로 이뤄지긴 합니다만,


512
< 유럽 인구 변동 추이 >

유럽 기독교세계나 중동 이슬람세계에서 큰 피해를 입은 대유행은

1346~51년의 유행입니다. 

그 이후로는 지역별로 산발적으로 유행을 반복하는 양상이었습니다. 

유럽 인구를 싹쓸이한 시점에 
고양이의 존재유무는 크게 문제되지조차 않았고

실질적으로 고양이 탄압정책이 시행된 시기에
 유럽의 인구는 속설대로 절단난게 아니라 
회복에 들어갔습니다. 

올라갈 인구는 올라간다




유럽 기독교세계 : 고양이를 배제 -> 그딴거 상관없이 흑사병 확산 ㄱㄱ -> 인구 절단

중동 이슬람세계 : 고양이를 애호 -> 그딴거 상관없이 흑사병 확산 ㄱㄱ -> 인구 절단



그럼 다른 지역은요?

중앙아시아 : 개발살

동북아시아 : 개발살


유럽-중동과 대유행시기가 일치하는건 아니지만 비슷한 1331~54년이고

중국에서의 사망자는 그 쪽 동네보다 훨씬 많은

2500만 ~3300만명이 죽은것으로 추정합니다. 

물론 중국에서 마녀사냥도 없었고, 고양이를 사냥하지도 않았죠. 

하지만 유럽이나 중동에서 나타난 비슷한 전파속도과 광범위한 피해를 입었습니다. 


왜?


당시 사람들의 위생환경이 나빴고,

흑사병의 전파경로와 그에 대한 차단법을 모르고 있었기 때문이죠. 

고양이를 죽였다거나 안 키워서가 아닙니다.



1200년대 1억 2300만 찍었던 중국의 인구도 

1393년 6500만명으로 반토막이 났는데

아무리 몽골전사들이 살육머신이었다곤해도 수천만명의 목을 자를 수는 없는 거죠.

몽골의 침략으로 인한 경제붕괴 + 흑사병 대유행으로 
인구가 개발살났던
중국도 서서히 인구 증가세로 들어섰고,

1644년에 1억 5천만에 도달하면서 송대의 인구를 넘어서게 됩니다. 

살펴보면 중국이 기존 인구를 회복한 시기는 
유럽이 기존 인구를 회복한 시기와 크게 다르지 않습니다. 

유럽이 신항로를 개척하면서 그 수익으로
인구가  빠르게 늘어난 것은 있지만요.

450
< Milan >

1346~51년 흑사병 2차 대유행때 피해가 적었던 곳이 있습니다. 

특히 '밀라노'같은 경우는 이탈리아 한복판에 있음에도 피해를 덜 봤죠.

밀라노 사람들은 다른 유럽인들과 달리 고양이 죽이지 않고 길렀기 때문에?

아니면 마녀사냥을 열심히 한 덕분에?

그게 아니고 

환자를 초기부터 3개의 벽으로 둘러싸인 집에 격리수용하는 방식을 택한 덕을 본겁니다. 

대체 뭘 알아서? 

한센병(나병) 격리수용하던 경험으로

799

< 1630년 밀라노 흑사병 유행 >

...만 이것도 1346~51년 대유행때 이야기고

1630년 유행시에는 6만명 이상이 사망했습니다. 

2차 대유행때는 '운'이 좋아 초반에 잘 막아 효과를 제대로 봤지만

1630년 유행때에는 그렇지 못했던 거죠. 




밀라노 옆 동네

지중해 무역상인 베네치아는 어땠을까요?

1485년부터 시행된 'quaranta giorni'라는 제도가 시행되는데

흑사병 유행 의심이 있는 항구에서 들어온 배는 
모두 일정한 거리에 닻을 내리고 

40일동안(예수가 광야에서 금식한 기간) 닻을 내리고 
육지에 바로 들어오지 못하게 하고 대기하게 했습니다.

 병이 있다고 하면 선원들은 발병하여 죽었겠죠. 

이상없으면 입항.

오늘날 영단어 quarantine이라는 '검역'이라는 말의 어원입니다. 

이런 방어조치는 훌륭하게 보이죠. 

동시대(1484년) 로마교황이 고양이 말살 칙령을 내린 것과는 대조적인 조치입니다. 



2차 대유행 이후 
지중해 연안 무역도시들은 이런 검역조치들을 시행합니다만.....

완벽하지는 않았던 것이죠.

현대에도 검역한다고는 해도 뻥뻥 뚫립니다. 
한 번 뚫리면 걷잡을 수 가 없습니다.

우리나라도 신종플루 초기에는 의심환자를 완전히 격리하는 식으로 했지만
뚫렸다고 판단한 이후에는 치료하는 것으로 정책을 바꿨죠.
현대에도 완벽한 검역은 어렵습니다. 

512

1600년대는 지방에서 간헐적으로 나타나던 흑사병이 
다시  '전 유럽'에서 맹위를 떨친 시기이긴 합니다. 

1630년에 밀라노에서 13만명 중 6만명 죽어나갈때 
베네치아는 14만명중 4만6천명이 죽었죠.
(하지만 저 그래프에는 함정이 있습니다)


그럼 1600년대에 고양이의 숫자가 엄청 줄어서 보기 힘들 정도였을까요?

아니오.

고양이가 전반적으로 홀대를 받을 지언정
 멸종위기에 놓여있지 않았습니다. 

대항해시대에 배에 고양이태우고 다니는건 이미 상식이었고
다시는 쉽캣을 무시하지 마라!

물론 질병예방목적으로 태운게  아니라 '선박보호 + 재산보호'

상업도시에서 고양이가 없어진다는걸 말도 안되는 이야기고

게다가 16~17세기가 되면 고위층을 중심으로 고양이 애호문화가 퍼지게 되며
고양이에 대한 나쁜 인식이 바뀌기 시작했습니다. 
촌동네하고는 다르다! 촌동네와는!

하지만 그와 관계없이 그 뒤로도 페스트는 종종 유행했습니다. 


416
< 그냥 잡는게 아니라 '일시에' 쥐를 잡자 >

고양이가 별 영향이 없다고 이야기하는 것은 

 구서가 중요하지 않다는 이야기가 아닙니다. 

구서는 중요합니다.  맞죠.

고양이는 쥐를 잘 사냥합니다. 이것도 맞죠.


그러나 고양기가 배나 창고와 같은 한정적인 공간에서
 쥐와 공간을 공유하고 있을 때는 효과적이지만
그 이상 오픈된 공간(야생)의 쥐에 대해서는 억지력이 충분하지 않습니다.

게다가 고양이는 질병예방측면에서 치명적인 문제점을 안고 있습니다. 




시간을 뛰어넘어

19세기말 20세기초 

흑사병 3차 대유행.

1855년 운남에서 발병한 페스트가 중국 내륙에서 돌고돌다가

1894년 홍콩에서 발병하면서 기선을 타고 수년간 전세계 항구도시를 강타했습니다. 

무역항인 뭄바이, 샌프란시스코, 부에노스아이레스, 시드니, 더반 등으로

과거 중앙아시아 루트를 타고 수년에 걸쳐 전파되던 것이 무역선을 타고 더욱 신속하게 퍼졌죠. 

당시 전 세계 흑사병 사망자를 1300만명으로 추산합니다. 


근데 고양이에 대한 탄압은 커녕은 인식도 좋아졌고 

고양이 수도 훨씬 늘어났는데 흑사병이 왜 저리 잘 퍼진거죠?

이게 다 쉽캣 때문이다. 이렇게 될때까지 쉽캣은 대체 뭘했나

633
< 1900년 시드니 쥐잡이 현장 >

세균학이 태동하면서 각종 원인균에 대한 분석과
공중위생 수준이 오르게 됩니다. 

이 시기에 페스트 박테리아의 발견과 벼룩과의 관계도 확인되었고요. 

그 후 3차 대유행 동안 전세계에 흑사병이 유행할 때마다 각지에서 
온갖 방법으로 본격적인 쥐사냥이 벌어졌습니다. 

쥐잡이꾼들이 저렇게 쥐를 잡은 것은 대부분 '쥐덫'의 공로입니다. 

물론 저런다고 해서 모든 쥐를 잡을 수 있는 것도 아니고
발병지역의 쥐의 수를 '일시적'으로 급감시킬 수 있는 것이죠. 

반면 고양이가 자연적으로 조절할 수 있는 쥐의 개체수는 일정합니다. 

무슨 병이 돈다고 해서 슈퍼캣이 인류를 구하기 위해 
구석구석의 악의 무리를 소탕해주지는 않습니다. 

일해라! 고양이






다음 포스트에서는 

'고양이 살처분-쥐창궐-흑사병확산-유럽폭망' 속설에 대해 좀더 자세히 다룰 예정입니다. 

위 속설은 반은 사실이고 반은 뻥인 이야기죠. "
2013. 12. 9 오전 9:43:09,http://webzine.munjang.or.kr/archives/9463,"[좌담]‘변화하는 문학환경, 변화를 향한 문학의 모색’","<연속좌담 1> 어떻게 문학이 변하니?]

<연속좌담 1> 어떻게 문학이 변하니?

‘변화하는 문학환경, 변화를 향한 문학의 모색’

    <문장 웹진> 에서 ‘어떻게 문학이 변하니?’라는 제목의 좌담회를 연속 2회 개최합니다. 첫 번째 좌담으로 ‘변화하는 문학환경, 변화를 향한 문학의 모색’이라는 주제로 좌담회가 개최되었습니다. 좌담회에는 백가흠(소설가), 서효인(시인), 소영현(문학평론가), 장성규(문학평론가), 그리고 사회자로 오창은 문학평론가(문장 웹진 편집위원)가 참여했습니다. 메이저 출판사 중심의 문학출판, 문창과를 중심으로 한 작가들의 배출, 비평의 왜소화와 불공정성, 그리고 세계 문학과 한국 문학의 만남 등 다양한 테마로 자유로운 의견개진이 이뤄졌습니다. 한국 문학 현장에 대한 생생하고 도발적인 목소리가 담긴 좌담회에 독자 여러분의 많은 관심과 호응 바랍니다.

     ● 일시 : 2013년 10월 17일(목) 저녁 6시30분
     ● 장소 : 한국문화예술위원회 대회의실
     ● 사회 : 오창은(문학평론가)
     ● 좌담 : 백가흠(소설가), 서효인(시인), 소영현(문학평론가), 장성규(문학평론가)

    “과거에 마음대로 책을 낼 수 있었던 선배들이 부럽다”

특집-좌담-5
    ▶ 오창은 : 지금부터 ‘변화하는 문학환경, 변화를 위한 문학의 모색’이라는 주제로 좌담회를 시작하겠습니다. 한국 현대사회의 문학을 둘러싼 주변 환경의 변화를 우리가 어떻게 이해하고 어떻게 대응해야 하는가? 혹은 어떤 부분에서 적극적으로 수용할 수 있는 부분이 있을까 하는 이야기부터 시작하겠습니다. 각자의 입장에서 한국 문학의 현재를 파악하는 의미 있는 자리가 되리라고 기대합니다.
    시인 소설가 평론가들의 입장에서, 현장에서 느끼는 감각들이 조금씩은 결을 달리하리라고 생각합니다. 이런 부분들을 구체적인 경험의 언어를 통해서 이야기해 주시면, 이 좌담을 읽는 독자들에게도 의미 있는 자리로 기억되리라고 생각합니다.
    우선, 우리가 상상하는 현실과 실제 현실의 차이 같은 걸 가늠할 수 있었으면 하는데요. 과거에 내가 생각했던 문학, 혹은 현재에 자기가 생각하는 문학이 다 있겠지요. 그것이 현장에서 내게 요구되는 문학, 혹은 현실의 문학과 충돌하는 경우가 있을 것 같아요. 어떤 방식으로든 차이가 존재할 수밖에 없는데, 그 차이에 대해 이야기를 해보았으면 합니다. 등단할 때와 지금의 차이가 있을 수 있고, 자기의 작업과 독자와의 관계 속에서 발생하는 차이도 있을 수 있죠. 또는 주변 환경의 변화에 따라 느끼는 현실적인 문제도 좋고요. 개인적인 발언으로 시작해 보면 어떨까 합니다.

    ▶ 백가흠 : 제가 어저께 마감을 했거든요. 그 얘기가 연관이 있는 것 같아요. 옛날에는 소설을 쓰기 위해서 생활비를 벌었거든요. 그래서 닥치는 대로 일도 하고, 언제 올지 모르는 청탁을 어떻게든 소화해 보려고 기다리는 시간이 많았고, 돈이 없어도 나만 없는 게 아니니까 어려움이 없었어요, 그런데 요즘은 뒤바뀌어 있는 것 같고…… 제가 어제 소설에 이런 내용을 썼거든요. 주인공 둘이 얘기하는 것 중에 이런 말이 나와요. 정말 글만 쓰고 사는 게 너무 힘들다고. 근데 제가 생각하기에는 이게 비단 작가의 문제만은 아닌 거예요. 편집자가 하는 역할도 달라진 것 같고 시인들도 달라진 것 같고…… 평론도 힘들지 않나요? 환경이나 시스템의 문제가 아니라 되돌리기 힘든 어떤 것에 진입한 게 아닐까 하는 생각이 들어요.
    옛날에는 부러운 선배들이 있었거든요 마음대로 책을 낼 수 있는 선배들. 다른 일 안 하고 글만 써서 사는 선배들. 부럽기도 하고 그랬다면 지금은 그런 선배가 거의 없는 것 같은 느낌이 들어요. 부러운 선배가 없는 게 제가 나아져서가 아니라, 이제 그런 여유를 갖고 있는 선배들이 사라진 것 같은 느낌. 다 힘든 것 같아요.

    ▶ 오창은 : 원인이 뭐라고 파악하세요?

    ▶ 백가흠 : 왜 저한테 물으세요……. 솔직하게 이야기할게요. 이건 정치와 무관하지 않다고 생각하진 않아요. 근 십 년 동안, 사상이 바뀌었을 거예요. 십 년은 좀 그렇고 5~6년. 피부로 느끼는 건 분위기도 그렇고 정책도 그렇고 시민들에게 전해지는 여파도 그래요. 이런 적극성과 활발성이 김대중 정권 때 최고였던 것 같고 노무현 때는 그런 것들을 실현화시키는 실효적 효과를 많이 거뒀다고 한다면 이제는 그런 것에 대한 생각 자체가 없으니까요. 그 기조가 결국에는 하나의 풍토를 만들고 그 풍토가 시스템을 움직이고 이런 거라고 생각을 해요. 책이 안 팔린다고 하는 게 작가의 탓이거나 독자에게 책임을 떠넘기는 거는 무서운 변명 같고, 하나의 풍토를 정치적인 해석대로 가져가는 것부터 모든 것들이 다…… 그래요. 그걸 뒤집어 보면 아이엠에프 때로 올라가야 하잖아요.
    한기호 소장님하고 제가 딴 데서 대담을 한 적이 있어요. 이건 캠페인이나 운동이나 시민의식 같은 걸로 기조를 바꾸기엔 너무 멀리 온 게 아닌가 하는 얘기가 나왔는데, 저는 그거에 동감하거든요. 흔들리지 않고 일관된 정책 안에서 지원이나 이런 걸 말하는 게 아니라 시민들에게 나누는 문학이 있어야 하는데 문화의 정책 자체가 폐쇄적이고 실용성 없는 것들을 지금 하고 있다고. 서로서로가 관심이 없는 것 같아요 저도 하기 싫은데요. 뭐…… 오늘 책 나왔는데, 이런 얘기해도 되나? 오늘 책이 나왔는데 전혀 설레지가 않아요. 왜? 안 팔릴 거니까.

    “메이저 출판사 안에서 자체의 문학생산과 평가의 순환구조 구축돼”

    ▶ 오창은 : 문인들에게 중요한 건 문학적 소통이라고 생각하고 있어요. 우리는 문학 생산자 입장이니까, 독자와 더불어 세상의 변화에 대해 생각해야겠지요. 정책적인 부분에 대해 얘길 했는데 어떠세요? 독자들은 어떻게 변한 것 같아요? 10년이면 10년, 20년이면 20년 켜켜이 쌓이는 시간의 변화 속에서 문학작품을 안 읽는다는 게 눈에 띄는 변화인데요. 다른 분들의 의견은 어떻습니까?

    ▶ 소영현 : 비평가로서 독자를 실제로 만나 본 적은 많지 않은 것 같아요. 비평가가 만난 독자는 알고 보면 생산자이자 독자인 사람들이죠. 그런데 이러한 사정과는 별도로 비평가를 포함한 시인, 소설가들이 독자에 대해서 그렇게 관심을 가진 적이 있었나 싶기도 해요. 독자라는 말을 떠올릴 때는 대중문화 대중문학을 언급할 때만이 아니었던가. 독자가 어디에 있고 어떻게 움직이고 뭘 원하는지를 알아야 거기에 걸맞은 문학도 생산이 가능하다는 이런 얘기를 할 때만 독자를 잠깐 불러오고. 실제로 생산자들은, 우리가 그들 독자들에게 맞춰 쓸 수는 없다는 입장을 훨씬 더 많이 취했던 게 아닌가. 우리가 진정으로 독자에 대해서 관심을 가진 적이 있었나 스스로 반문해 볼 필요가 있습니다. 현재 문학을 포함한 모든 문화가 스마트폰과 싸우고 있는 시대를 살고 있다는 말도 있습니다. 이런 사정을 고려하면서 오늘날 시간을 들이고 공을 들여야 하는, 혹은 일상에서 약간 벗어나 무엇을 해야 하는 언어생활 같은 것이 과연 독자에게 어떤 가능성이 있는 시간으로 다가갈 수 있을 것이냐. 이런 질문을 곁들여서 던져 보아야 하겠지요.
    덧붙여서 문학환경의 변화에 관해서라면, 저도 짚고 싶은 것이 있습니다. 우선, 시대변화. 정치현실의 변화를 의식하지 않을 수 없을 것 같아요. 올해 사건이 되게 많았잖아요? 예컨대 ‘《현대문학》에 실린 에세이’만 해도 그렇습니다. 이게 가능한 일인지 잘 모르겠습니다만, 그것보다 이것을 가능하게 한 이 시점의 변화가 의미하는 바는 무엇인가, 이런 생각을 더 많이 하게 됩니다. 일련의 사건들이 독자나 문학 창작층 문제와는 별개의 것인 듯도 하지만 실제로는 굉장히 밀접하게 관련되어 있는 게 아닐까…….
    다른 하나는 문학의 재생산과 연관된 문제인데, 계간지를 가진 메이저 출판사 안에서 문학생산과 평가의 순환구조를 만들어내는 자체 시스템이 구축된 것이 아닌가 생각됩니다. 가령, 편집위원 밑에 기획위원 혹은 리뷰어들이 있잖아요. 그 안에서 평가와 재평가가 충분히 그리고 예측 가능한 방식으로 이루어질 수 있기 때문에 외부에서 새로운 시각을 가진 혹은 전혀 다른 입장인 평론가가 거기 개입해 들어가서 입장을 표명할 수 있는 여지가 별로 없어졌어요. 더군다나 리뷰 대상을 선택할 때도 출판사의 사정이 더 많이 고려되어야 하는 형편이죠. 비평의 위기와 관련해서 볼 때 이러한 변화의 폐해는 상당히 큰 것 같고요.
    큰 트렌드에서 정치현실의 변화가 있다면 그 안의 문학의 재생산 구조에도 엄청난 변화가 생겨서 이제 돌아가기 힘든 지점에 우리가 서 있는 게 아니냐. 그런 생각이 들어요.

    “지금의 문학은 안 들어도 되는 명품가방”

    ▶ 오창은 : 서효인 시인은 어떤 것 같아요? 변화 지점에 대한 다른 관점이 있을 것 같습니다. 젊은 시인으로서 바라보는 예민한 감각이 있잖아요?

    ▶ 서효인 : 개인적인 변화로는…… 2006년에 데뷔해서 2013년, 생각해 보니까 시간이 꽤 지났습니다. 변화가 없다고 하면 거짓말일 테지요. 일단 젊은 시인이라고 자주 호명되기 시작했습니다. 근데 이게 묘해요. 젊은 시인의 범주가 모호하잖아요. 의미도 불분명하고. 본인이 젊은 시인이라고 생각하지 않는 분들은 스스로 커밍아웃을 했으면 좋겠어요. 젊은 시인이라 부르지 말라는 선언을 하는 거죠. 아니면 문단에서 경력 10년 이상이면 ‘젊은’ 자를 빼자고 합의를 하는 등의 조치가 필요하지 않나. 농담입니다만, 제가 드리고자 하는 말씀은 ‘젊음’이란 게 너무 느슨하게 사용되니까 그 말이 오히려 변화를 막고 있는 느낌도 들었거든요.
    저는 변했습니다만, 그건 개인적 변화고, ‘우리’라는 공동체의 측면에서는 변화가 별로 느껴지지 않습니다. 변화 자체를 우리가 구조적으로 막고 있는 몇 가지 디테일들이 있어요. 꼽아 보자면, 창작지원금 얘긴데요. 지원금이 천만 원입니다. 제가 2006년에 데뷔했을 때 천만 원이었어요. 그런데 지금도 천만 원이잖아요. 2006년에서 2013년까지 물가상승률을 감안하면…… 엊그제 서울 택시가 기본요금 2400원에서 3000원으로 올랐습니다. 20% 가까이 오른 액수인데 창작지원금 천만 원은 그냥 천만 원이에요. 몇 년 동안 오르지 않아요. 그런데 그것만 안 올랐느냐. 계간지의 원고료도 오르지 않습니다. 글을 써도 20년 전의 선배가 쓴 글이랑 지금 우리가 쓴 글이랑 원고료가 비슷한데, 20년 전의 생활비와 지금 생활비는 천차만별이고. 특히 집값, 우리의 주거비 이런 건 엄청나게 올랐단 말이죠. 글을 써서 삶을 지탱을 할 수 없는 구조입니다. 변화가 두렵죠. 그렇다고 해서 예전처럼 문단 복지(?)가 되어서 출판사나 문학단체에 찾아가면 온정으로 먹여 주고 재워 주는 현실도 아니잖아요.
    반면에 독자는 또 많이 변한 것 같아요. 선배 세대 때 독자에게 있어 문학은 필수적인 거고 삶을 변화시켜 줄 수 있는 존재고 나를 위로해 주는 존재여서 문학을 꼭 읽었어야 했다면, 지금 독자에게 문학은 사치품, 혹은 기호식품. 나의 지적인 만족감, 지적 빈 부분을 채워 주는 정도. 지금 문화 쪽으로 가장 최첨단을 달리고 있는 사람이 예전에는 시인 소설가였다면 요즘은 패션디자이너, 포토그래퍼 같은 사람들이 더 첨단을 달리고 있다는 생각이 들어요. 그리고 실제로 책을 읽었을 때 우리가 살아가는 2013년 10월의 가장 핵심적인 부분을 건드려 주는 활자는 문학계간지는 아니고, 시사주간지도 아니고, 패션잡지거든요. 우리는 읽지 않지만 그들은 그것을 읽고 있다는 말이죠. 패션잡지를 많이 읽은 사람이 문화적으로 충족이 되어서 ‘다른 것도 해볼까’ 하다가 가끔 읽는 게 소설책과 시가 된 그런 상황이라는 거죠.
    최근에 열린 북 페스티벌 행사를 유심히 보았어요. 거기 온 분들이 정말 많더군요. 독자들이 없지 않아요. 굉장히 많이 와서 줄을 서서 책을 사는데, 문학과지성사 시인선을 사서 찍어서 트위터나 페이스북에 올리죠. 나 문학과지성사 시집 샀다. 나한테 가장 많은 책은 문학과지성사 시인선. 그렇게 해서 딱 올리는데 그분들이 예전처럼 시에서 어떤 걸 얻어서 그런 건 아니겠죠. 그냥 첫 번째로 책장을 예쁘게 하고 두 번째로 시를 읽어서 나 자신을 더 우월한 위치로 만드는. 예전 문학이 꼭 입어야 하는 속옷이었다면 지금의 문학은 안 들어도 되는 명품가방 정도가 된 거죠. 독자는 변했는데 작가는 변하지 않았다. 그런 생각이 듭니다. 아시죠? 명품의 세계는 소수의 몇몇만 살아남는 거.

    ▶ 오창은 : ‘지금의 문학은 안 들어도 되는 명품가방’이라는 표현이 가슴 아프게 꽂히는데요.

    ▶ 장성규 : 건조한 얘기를 하자면 문학의 위상 자체가 굉장히 많이 변한 것 같아요. 그러니까 예컨대, 80년대를 제가 직접 겪어 본 건 아니지만 박노해나 김남주나 백무산 시집을 읽었던 사람들이 시집을 읽고 나서 겪은 삶의 변화가 컸을 거라고 예측할 수 있을 것 같아요. 그런데 문학이 했던 역할이 점점 왜소해지는 건 사실인 것 같아요. 오히려 그런 역할을 김진숙 선생이나 한윤형의 에세이 이런 것들이 훨씬 더 강하게 하는 것은 아닌가 싶습니다. 바꿔 말하자면 문학이 더 이상 사람들이 살아가는 문제에 대해서 스스로 사유하고 성찰하는 계기로 작동하는 것 같지는 않아요. 과거에 문학이 이런 역할을 할 수 있었던 이유는, 문학이 일종의 공공재적인 성격을 지녔기 때문인 것 같습니다. 그런데 언제부턴가 그 원인이 뭔지는 모르겠지만 문학이 상당히 사소해진 측면이 있는 것 같고, 그런 이유 때문에 더 이상 사람들이 문학을 읽지 않는 것은 아닐까 싶어요.
    더불어 하나 더 고민해야 할 것은 문학의 범주를 확장시킬 필요가 있지 않나 하는 것입니다. 아까의 예를 다시 들자면 2000년대 독자들에게 많이 읽힌 책들, 그리고 이를 통해 사회적인 담론을 만들었던 책들은 『소금꽃 나무』, 『레알 청춘』, 『청춘을 위한 나라는 없다』 등과 같은 에세이나 논픽션 형식의 것들인데, 이런 형식을 단순히 고정된 개념을 갖고 문학이 아니라고 말할 수 있을까 싶습니다. 어쩌면 문학 스스로가 계속 ‘이것만이 문학이다’라는 생각 속에서 고립되고 있는 것은 아닌가라는 생각도 들어요.

특집-좌담-2
    “‘이것만이 문학이다’라는 생각 속에서 문학 스스로 고립 자초”

    ▶ 백가흠 : 그게 출판시장이 어렵다 어렵다 하잖아요. 그런데 실제로 출판시장은 안 어려워요. 왜냐면 한 번도 출판시장규모에서 세계에서 6위 밑으로 떨어져 본 적이 없어요. 실은 문학출판사가 힘든 거예요. 그러니까 실제로는 책만 보면 책이 매년 더 많이 팔리고 있어요. 실용서가 됐건 뭐가 됐건. 그런데 계속 힘들다고 하는 것은 우리가 하고 있는 게, 문학이 힘든 거예요. 문학 그다음 인문학 이런 것들. 지금 저희가 논의하고 있는 것은 업자들이잖아요. 생산자들. 이걸 우리끼리만 의논해서는 해결할 수 있는 방법이 전혀 없는 것 같아요. 출판사라든가 책을 만드는 것과 미래에 대해서 공유하지 않으면 자멸할 것 같아요. 저 중에서 메이저 하나가 무너지기 시작하면 이젠 다 버티기 힘들지 않을까요?
    뭐냐면 내부적으로 지금 말을 안 하고 있어서 그렇지 거의 한계를 넘어선 게…… 출판사마다 오래전인 것 같아요. 들려오는 말들은 다들 지금 되게 힘든 거 같아요. 출판사는 살려면 뭐라도 이익을 남겨야 되니까 천 원 이천 원에 팔아서 종이 값이라도 건지는 마케팅을 계속 생각한단 말이에요. 책 사는 사람이 전혀 없으니.

    ▶ 서효인 : 서평 얘기가 나왔는데, 우리는 서평을 신나게 쓰고 읽는데, 정작 독자는 그 서평을 읽지 않는 상황입니다. 독자들이 읽는 건 오히려 인터넷 서점을 기반으로 한 블로그 등에 실린 독자서평이죠. 거기에서도 몇몇 파워블로거가 힘을 발휘하기도 해요. 오프라인 서점은 사재기로 서평을 대신하기도 하죠. 베스트셀러에 책을 올려서 독자에게 어필하는 방법으로요. 문학판, 우리가 구축한 세계가 점점 폐쇄적인 성을 쌓고, 그 성벽이 더 견고해지고 있어요. 그 성 안에 사는 사람들은 더욱 궁핍해져 가는데.
    문학판 자체가 점점 양적으로는 축소되고 있고 누구나 아는 사실이죠. 저는 그런 변화를 오히려 담대하게 받아들여야 한다고 봐요. 작금의 현실에서도 시와 소설을 읽어 주는 일군의 사람들을 소중히 여기고, 우리는 우리의 것을 쓰는 방식. 이걸 외향적으로 억지로 넓히고자 노력한다고 해서 되는 일은 아닌 것 같습니다. 가령 메이저라고 하는 출판사에서 시집이 나오면 1500부 정도는 소모가 돼요. 황병승 시집 같은 경우는 지금 5천 부보다 좀 덜 나간 것 같아요. 그리고 좀 더 대중적인 이병률 시집 같은 경우는 곧 1만 부가 될 거예요. 황병승 시집이 4천 부를 넘었고 곧 5천 부를 바라보고 있다고 하면 시집에 호기심을 갖고 읽는 독자가 5천 명 있고 ‘마케팅을 잘하면 6, 7천 부 되겠구나’라는 생각을 하면…… 저는 이 정도 변화는 담대하게 받아들이고 그 안에서 조금씩 외형을 넓히거나 아니면 우리가 내놓는 물건의 질을 조금 더 높이거나 하면서, 다음 생을 도모해야 한다 생각해요. 그러니까 지금의 문학현실을 너무 자조적으로 받아들이고 문학은 스마트폰에 졌다거나 드라마 영화 게임 산업에 기를 펼 수 없다고 하는 말들은 소모적이란 거죠. 저는 작은 자긍심, 큰 배포가 중요하다고 생각합니다.

    ▶ 소영현 : 문학이 예전의 문학이 아니라는 건 다들 동의를 하는 것 같아요. 저도 동의합니다. ‘안 된다. 돌아가야 한다.’ 그렇게 생각하는 건 아니고 있는 그대로 받아들여야 한다는 것에 대해서도 동의하고 있고요. 그런데 오해를 줄이기 위해 덧붙이자면 이러한 동의가 자조의 태도에서 나온 건 아닙니다. 오히려 문학이 사회담론을 이끌고 만들어내던 시절이 특이한 시절이었던 것이지요. 문학의 긴긴 역사를 보자면 전 세계적으로 봐도 문학이 사회담론의 중심에 놓여 있던 시대는 별로 없었고, 한국에서도 아주 특수한 경험이었다고 생각됩니다. 그러니까 지금의 상황을 당연한 것으로 받아들여야 하는 건 맞는데, 문제는 문학의 변화에 맞춰서 다른 여타의 제도나 인식도 변해야 하는데, 비평 작업을 포함해서, 그렇지 못 하다는 것이죠.
    사실 비평이라는 게 문학 개념이 형성/재형성되면서 만들어진 거잖아요. 순문학 영역이 만들어지고 그걸 읽어 줄 사람이 필요해진 사정과 연관되어 있는 것이고. 더 나아가자면 근대적 비평의 등장은 시민사회의 구성요소인 부르주아 주체가 만들어진 것과 연관이 있는 거잖아요. 그러니 문학이 변하는 과정에서 비평도 변해야 되는 거고. 앞서 말씀드렸듯 재생산 구조가 구축된 곳에서는 문학의 변화를 둘러싼 문제의식이 생겨나도 무시해도 되는 상황이라고 여기거나, 혹은 바꾸려는 의지 같은 게 없는 게 아닐까. 이런 문제제기인 거지 문학이 변했다는 것 자체에 대한 자조는 아닙니다.
    제가 요즘 재미있는 현상이라고 생각하는 게 조정래 작가의 소설 『정글만리』에 관한 독자의 관심입니다. 『정글만리』 열풍을 보면서, 이 현상의 의미를 생각해 보고 있는데요, 그것은 소설에 대한 관심이라기보다 중국에 대한 관심의 표현이 아닐까 생각됩니다. 중국을 분석한 연구서는 굉장히 어려운데, 소설로 풀어낸 중국은 접근하기가 좀 더 쉬웠던 것은 아닐까. 비평의 역할과 관련해서 말씀드리자면, 『정글만리』 현상이나 정유정 작가의 소설 『28』에 대해서도 마찬가지로, 이에 대해 일군의 비평가들은 아예 언급도 하지 않는 상황이기도 한데요, 이런 사정을 포함해서 ‘많이 팔려서 의미가 있다’거나 ‘문학작품으로서의 가치가 떨어져서 의미가 없다’거나 식의 이분법적인 접근법 말고 자체의 유의미성을 잘 분석해 주는 그런 자리도 필요한 게 아닌가 생각하게 됩니다.

    “문학이 싸움에서 지고 있다? 누구와의 싸움에서?”

특집-좌담-3
    ▶ 백가흠 : 묻고 싶은 게 있는데 비평 쪽에서는 큰 담론이 끊임없이 재생산이 되고 있긴 한 겁니까?

    ▶ 오창은 : 한국의 평론가들은 평론의 용어를 스스로 생산하는 데 있어서 애시당초 출발부터 의존적이에요. 얘기하자면 이런 거죠. 작가들이나 시인들처럼 자기언어 생산의 체계 속에서 작동하는 것이 아니라 있는 체계를 재구성하거나 새로운 언어체계를 형성해야 비평행위는 지속될 수 있어요. 근대문학의 태생 자체가 그렇다 보니까…… 끊임없이 뭔가 새로운 비평언어를 고안해 내지는 못하지만, 트렌드를 덧입히는 방식으로 언어의 새로운 지평을 넓히는 겁니다.
    말씀하신 것들을 정리하면, 우선 우리 사회에 영향을 미치고 있는 지적인 문화가 작동하는 방식들에 관한 것에 대해 논의가 이뤄졌습니다. 예를 들어 문인들이 사회적 역할을 하려고 하는 과정 속에 나타나는 발언들 자체가 정치권력을 불편하게 했던 모습이 있었지요. 용산참사에 대한 문인들의 사회적 실천이 되었든, 강정 평화도서관 만들기가 되었든 이런 행위의 후폭풍들이 문학을 둘러싸고 발생하고 있는 것 같아요. 정치권력의 개입 방식 중 하나가 문학의 역할을 위축시키고, 무관심하게 외면하는 것이지요. 문학은 방기되는 순간 고사되는 것이거든요. 그렇기 때문에 시민사회에서 문학적 문제제기에 대한 논의가 활발하게 이뤄지도록 하는 다각적이고 의식적인 노력이 필요한 부분이 있는 것 같아요.
    또 하나의 문학에 대한 권력의 개입 방식은, 문학을 스스로 후지게 만들어버리는 거예요. 문학 스스로 천박하고 세속적인 수렁에서 허덕이게 만들어버림으로써, 독자들이나 문학인들이 갖고 있던 자존심을 내파시키는 방식들이겠지요. 이런 몇 가지가 권력의 개입이 문학을 둘러싸고 동시에 진행되고 있는 것 같아요. 이 부분을 문학을 둘러싼 문학의 정치가 첨예한 대립의 양상을 띠고 있는데, 그것이 외화되지 않는 방식으로 싸움이 벌어지고 있어요. 더불어 출판시장인데요. 실제 출판시장은 축소된 게 맞아요. 다른 문화시장들은 확장되었지만, 활자출판을 보면 계속 축소되고 있어요. 몇몇 출판사들이 취하고 있는 극단적인 방식이 뭐냐면 절판시키는 거예요. 중소 규모의 출판사들은 그런 방식으로 버티는 상태인데, 출판시장 전체의 위축이라는 상황변화도 크게 작동하는 것 같아요.
    또 하나는 문학의 가치에 관한 이야기인데…… 이건 관심이 없는 거죠. 라이프스타일이 됐든, 트렌드가 됐든 문학을 통해서 그런 트렌드나 지적 자산이 변화하던 시대가 있었어요. 그런데 그런 역할을 문학이 지속할 수 있으리라는 기대가 앞으로도 지속되기는 힘들 것 같아요. 그 바뀌는 부분이 위기의 핵심으로 드러나는 거라고 생각을 해요. 정치적인 영향도 있을 수 있고, 출판시장도 있을 수 있고, 문학 자체의 왜소화도 있을 수 있어요. 우리가 위기감을 느끼는 중요한 이유 중 하나는 문학을 ‘있으면 폼나는 것’ 내지는 ‘안 읽어도 갖고 놀아야 할 것’ 이런 식으로 생각되는 트렌드가 독자들에게 직접적인 영향을 미치고 있고 사회에 영향을 미치는 상황이라고 봅니다. 실제 싸움에서는 문학이 지고 있는 상태죠. 문학이 싸움에서 지고 있다고 생각하는데 ‘무엇과의 싸움에서 지고 있는지’라는 부분들이 불명확하게 제기되고 있다는 게 문제가 아닌가 생각해요. 그 부분이 저에게는 문학의 위기를 어떻게 파악하고 있느냐 하는 부분이거든요.
    우리가 지금 피부로 느끼는 위기는 독자의 재생산이 안 되는 거잖아요. 딱 초등학교, 청소년정도가 읽다가 독자들이 사라져버려요. 작가들도 어떤 방식으로든 문창과 출신으로 배출됨으로써 사회적 포지션이 바뀌었고요. 작가들이 대학제도의 훈련을 통해 만들어지고 있어요. 대중독자들보다는 자기 독자들을 위해서 계속 재생산하는 방식도 문제지요. 이런 부분도 작용해 작품이 순환되는 과정 속에서 계속 문학의 왜소화 현상이 이뤄지고 있어요. 굳이 위기라는 용어를 쓰지 않더라도, 작가로서 뭔가 막혀 있다고 생각을 한다면 어떤 부분들이 있을까요?

    ▶ 백가흠 : 여러 얘기가 나왔는데 가장 큰 문제가 공정한 판을 만드는 거라고 생각해요 공정한 판이라는 건 비정상적인 유통구조의 문제, 인터넷 서점과 교보문고가 가장 큰 갑인 문제를 말해요. 책을 깔아 주지 않으면 아무리 좋은 책을 만들어도 단 한 권도 팔리지 않게 만들 수 있으니까요. 그러다 보니까 출판사끼리 단가를 계속 낮추는 경쟁을 붙이기도 하고, 가장 낮은 가격으로 들어온 책을 교보나 예스는 가장 많이 팔려고 하는 거지요. 아주 단순한 논리죠. 이 출판사는 만 원짜리를 도매가 7천 원에 넘기고 이쪽 출판사는 4천 5백 원에 넘기면 교보 입장에서는 한 권을 팔았을 때 5천 5백 원이 남는 걸 더 많이 팔려고 해요 우리가 교보나 예스24에 들어가서 좋은 책이라고, 혹은 이걸 읽어야만 한다고 느끼는 그 책들은 실제로는 유통사가 취하는 폭리 때문에 벌이는 상술에 당하는 거라고 생각하거든요. 이걸 바로잡으려면 도서정가제를 빨리 도입해서 아주 작은 출판사들이 납품할 때도 피해를 받지 않는 게 가장 중요하다고 생각하고요. 우리가 문학을 뭐 할까가 문제가 아니라 이 시장 자체를 제대로 된 방향으로 가져가는 게 가장 시급한 문제 같아요. 그게 무너지면 우리는 다 죽으니까. 문학도 출판시장과 떼어 놓고는 얘기를 할 수 없는 시대가 된 것 같아요.

    ▶ 소영현 : 제가 좀 덧붙이자면 그렇다고 해서 독자가 수동적이고 일방적인 소비자인 건 아니라고 해야 합니다. 서점이라는 유통구조를 통해 소비가 권장된 상품만을 독자가 수동적으로 구입하는 것이냐 하면 당연히 아니고요, 잠재 독자는 분명히 있다고 생각됩니다. 이런 예가 적절하진 않지만 주진우 기자가 황인찬 시인 시집을 들고 법원에 들어간 이후로 그 시집이 큰 관심을 끌었고 드라마에 소개된 소설들이 많이 팔리기도 하잖아요. 어떻게 생각하면 미디어의 힘이기도 하고 사람들의 선택하는 능력이 저하된 것으로 볼 수도 있지만요. 다르게 보면 선택 기준을 갖고 있지 않은 독자들에게는 좋은 리뷰가 필요하다는 생각을 다시 한 번 하게도 됩니다.
    이런 현상들을 보면, 문학의 위기라는 말은 이제 식상한 걸 떠나서 사실과 별로 부합하지 않는 말인 것 같아요. 시로 말하자면, 예전에 읽었던 서정적이거나 메마른 감성을 적셔 주는 수준을 떠나서 개별적으로 하나의 세계를 창조하고 있다는 느낌이 들 정도로 한국 시는 이제 독특하고도 다양한, 어마어마한 상상 초월의 세계들을 만들어내고 있고 소설도 그렇습니다. 다른 세계들이 등장하고 있다는 생각을 많이 해요. 연령대가 아니라 최근 2, 3년 사이에 등단한 작가들을 보면 한국 소설이 예전과는 다른 풍경을 만들고 있다고 생각됩니다. 그에 비하면 위기는 비평에 해당한다는 생각이 들어요. 가령, 리뷰만 보더라도, 비평이 리뷰를 쓰고 있음에도 불구하고 그 리뷰가 업계 내에서만 통용되는 게 아닌가 하는 생각도 하게 되고요. 비평이 문학, 문화담론을 만들어내기 위해서는 비평 스스로가 자신의 영역을 세분화해서 독자들에게 좋은 리뷰를 소개할 수 있는 능력도 키워야겠죠. 비평이 가교 역할을 해야 하는 게 아닐까 생각하거든요,

    ▶ 서효인 : 비평이 아닌 리뷰가 독자에게 책을 소개하는 가장 좋은 방법일 텐데 최근에 문지 블로그에 파스칼 키냐르 책 리뷰를 했어요. 시인 한 명, 소설가 한 명, 그리고 일반 저자로 금정연 씨가 참여를 했는데 반응은 금정연 씨 글이 제일 좋았어요. 저는 그분의 서평을 예전부터 좋아했어요, 리뷰가 책으로 말을 건다는 느낌이 들었거든요. 그 책을 통해 독자에게 말을 걸기 때문에 궁금해지는 독자는 그 책을 찾아 읽을 거예요. 그런데 우리가 문학이라는 이 판에서 접하는 리뷰는 우리 스스로 그 틀을 깨야 할 필요가 있는 것 같아요. 제가 겪어 본 바에 의하면 그 틀이 많이 공고해진 느낌이에요. 리뷰를, 서평을 청탁할 때 청탁을 받은 사람이 그 책을 마음에 안 들어 할 수가 있잖아요. 그래서 ‘바꿀 수는 없는 거죠?’라고 물어본다는 거죠. 사실은 이 책이 마음에 들지 않았다는 것을 에둘러 리뷰로 쓸 수 있어야 하는데 일단 받았으면 좋은 말을 써야 해요. 그런데 책은 별로 안 좋고, 그러니까 바꿀 수는 없느냐는 말이 나오고, 못 바꾼다고 하면 거짓말을 쓰는 거죠.
    모 선생님 책이 나올 때 모 계간지에서 굉장한 지면을 할애를 하며 상찬을 할 때도 있어요. 사실 독자들은 그거에 관심이 없단 말이죠. 예능 프로그램에서 누가 ‘이 책 읽었어요.’라고 한마디 하는 것보다 효과가 적은 100페이지의 글과 인터뷰, 서평이 아닐까 싶어요. 그건 출판사도 알겠죠? 근데 왜 하느냐. 독자를 위해서? 아니면 그 선생님에게 ‘우리 출판사 선생님을 이 정도로 각별히 모십니다.’라고 알려주기 위해서?
독자는 이 불신이 쌓이고 쌓여서 리뷰를 볼 필요가 없다고 생각해요.

    ▶ 백가흠 : 독자 리뷰는 직접적이고, 감성적이고, 쉬워요. 거기에 무슨 이론에 맞춰진 것도 없고 솔직한 리뷰거든요. 그런 건 서로 공유하고 본단 말이죠. 메이저 출판사는 전문가 리뷰가 많은데 아무도 읽지 않아요. 반성을 촉구하고 이런 게 아니라 스스로 바꾸는 것도 필요할 것 같아요,

    ▶ 장성규 : 글쎄요, 저는 조금 다른 관점에서 접근할 필요가 있다고 봐요. 오히려 비평이 단순히 작품에 대한 ‘리뷰’로 좁혀지면서 일종의 마케팅을 위한 글로 전락하는 것이 문제가 아닐까요? 좋은 리뷰는 물론 필요하죠. 하지만 리뷰로 비평의 몫을 한정하는 것도 문제일 듯합니다. 개개의 작품들이 지닌 의미를 규명하고, 이를 통해 우리가 사는 현실과 문학이 맞닿을 수 있는 지점을 밝혀 주는 것, 나아가 읽는 이가 이에 대한 새로운 사유를 추동할 수 있는 계기를 만드는 것이 비평의 몫이 아닐까 싶어요. 그런데 비평이 점차 리뷰에 가깝게, 보다 직접적으로는 해당 출판사의 마케팅 전략의 일환으로 변질되면서 오히려 독자들에게 불신을 받는 것은 아닌가 싶기도 합니다.

    ▶ 서효인 : 좋은 책을 알리려는 절박함이 스스로에게 부족하지 않나 생각해요. 워낙 책이 많이 나오다 보니 절실함이 머무는 시간이 짧은 거죠. 책은 많고, 해야 할 일이 쌓여 있고, 이건 비평의 문제가 아니라 수요에 비해서 물건들이 과잉공급 된 점도 있고요.

    “텍스트 너머를 이야기하는 독법이 사라진 거죠”

    ▶ 오창은 : 문학은 자유롭다고 하는데, 어느 순간 비평은 예속되기 시작했어요. 자유롭지 않다는 건 어떤 방식으로든 억압을 받는다는 거잖아요. 스스로 자유롭지 않게 되는 것도 중요한데 거기서 작동하는 것들의 실체가 무엇이냐. 스스로 그러하든, 누군가가 그렇게 원해서 하든 매체의 성격에 맞춰 글을 쓰는 것이 당연하고 그 벽을 넘어서는 순간 문학 제도 밖으로 나가버리는 거예요.

    ▶ 서효인 : 학교 문제가 있는 거 같아요. 다 학교 선생님이고 제자잖아요. 하다못해 선생님의 친구죠. 문단 안에서 그래프를 그리면 학교가 몇 개 안 될 거예요. 그건 우리나라 사회에 만연한 문제이긴 한데, 그게 문단에까지 영향을 미치는 거 같거든요.

    ▶ 오창은 : 안 그랬던 적도 있지만, 한국 문학과 대학과의 관계가 연동되는 경우가 요즘 특히 많아졌어요. 많은 경우 시인 소설가가 대학원생이잖아요. 대학원 진학이 보험이고 생존에 있어서 생계 수단이고, 시간 강사도 해야 하고 미래에 대한 전망인 상황에서 대학 제도가 문학을 잠식하는 거예요. 정말 그런 것 같아요?

    ▶ 백가흠 : 제가 학교 다닐 때 시스템이 그랬어요. 학교마다 선생님이 있고 연을 맺지 못하면 거의 등단이 불가능했어요. 한 학교를 예로 들면 국문과 강의인데 국문과 학생은 절반 정도였어요. 나머지는 인문대 애들. 첫 시간에 그 애들에게 제가 ‘소설을 너네가 좀 쓰면 안 되냐?’라고 했어요. 문창과에서 진짜 작가가 되기까지의 여정을 보면 인문학적 소양이 뒷받침될 수 있는 시스템이 지금도 부족해요. 제가 데뷔하고 처음 느꼈던 문제의식도 그거였거든요. 책을 읽어야 했는데 우리는 테크닉만 길렀어요. 합평을 하는데 작품을 집어 던지고 나가는 게 자연스러운 분위기였어요. 따로 소모임을 해도 선배가 분필을 잡고 평가를 해줬단 말이죠. 도제교육의 문제가 그대로 가는 거예요. 저희 학교에서 데뷔한 친구가 소설만 몇 십 명이에요. 그런데 그중 서너 명만 실제로 활동해요. 여기까지가 문창과가 배출하는 작가 시스템의 한계라고 봐요. 지금 제가 느끼기에는 지금 활동하는 젊은 작가들은 비율적으로 볼 때도 문창과 출신이 적어요. 학과의 최종 목표가 데뷔에 맞춰져 있었어요. 기본 커리큘럼이 인문학적 소양이 아니라 데뷔하는 게 목적이라는 거죠.

    ▶ 서효인 : 사실 이런저런 대학원이나 교육기관에 문학을 하려고 애쓰시는 분이 많으세요. 그분들이 처음엔 다 독자셨는데, 대학원에 와서 반 이상 작가, 반 시인이 되는 일부 사람들이었어요. 그때부터 책을 사서 읽는 독자로서의 리듬과 재미를 잃어버리는 것 같아요. 대학원에 온 이상 독자가 아니게 되는 거죠. 몇 백 명의 소중한 독자가 사라지는 느낌이 듭니다.

    ▶ 백가흠 : 작가 만들기 중심의 구조가 대학원에서 학부로 내려가야 해요. 학부는 다들 애들이라고만 생각하고 놓고 있으니까. 학부과정에 창작 중심만이 아니라 인문학 수준을 높이는 커리큘럼이 보완되면 좋을 거 같아요.

    ▶ 장성규 : 글쎄요, 분명 교육 시스템과 현재 문학은 매우 직접적인 관련이 있겠지요. 아무래도 대학에서 전문적인 문예창작론을 배우고 이를 기반으로 해서 창작이 이루어지다 보니까 시나 소설은 웰메이드인 텍스트들이 많이 나오는 것 같아요. 반면 뭐랄까, 독창적인 문법을 보여주는 텍스트들은 점차 보기 어려워진다는 느낌이 듭니다. 게다가 평론을 준비하는 분들은 대부분 인문학을 전공하는 대학원생이잖아요? 아무래도 아카데미 안에서 텍스트를 분석하다 보면 건조해진다는 생각이 들어요. 결국 그러다 보면 평론들도 비평가의 자의식에 따라 각기 다른 색깔을 보여준다기보다는 다소 획일화되는 경향이 커지고 있어요. 개인적으로는 아카데믹한 화법이나 접근방식으로 쓰이지 않은 평론을 보고 싶어요. 사실 지금은 평론이 대학원생들에게 이후 취업 라이선스처럼 인식되는 것 같거든요. 그러다 보니 재미가 없어졌다고 해야 하나? 이건 창작의 영역에서도 마찬가지예요. 문창과 강의를 하다 보면 목표가 등단에 맞추어지다 보니까 그것을 기준으로 각자의 개성이나 취향이 획일적으로 훈련된 것 같은 느낌이 들어요. 아무래도 좋은 현상은 아닌 거 같아요. 평론은 좀 더 문제가 커요. 현재 생산되는 대부분의 평론은 작가론이나 작품론, 텍스트 해석으로 국한되어 있거든요? 좋게 얘기하면 텍스트와 가까워졌고, 나쁘게 얘기하면 메타적이고 텍스트 너머를 이야기하는 독법이 사라진 거죠. 비평가 자신만의 독창적인 얘기를 하는 부분이 적어졌어요.

    ▶ 오창은 : 비평이 붕괴되고 있다는 문제제기가 나오는데, 이 문제가 해결될 수 있을까요? 어떤 방식으로 공정한 것에 대한 독자의 욕구를 충족시키고, 문학의 선순환에 기여할 수 있는지 얘기해 보고 싶네요.

    ▶ 소영현 : 일반적인 국문과 학생들이나 교양수업을 듣는 학생들에게 저는 비평 혹은 비평적 관점을 강조해요. 그런데 그때 제가 말하는 비평은 여기서 말한 문학 비평이 아니에요. 비평은 대상 텍스트를 통과해야 글쓰기가 가능하잖아요. 그러니까 비평은 텍스트를 만나는 것이고, 텍스트화한 현실을 만나는 것일 텐데, 말하자면 우리는 텍스트와 나의 관계를 설명하고 싶어서 비평을 하는 거죠. 학생들에게도 세계와 어떻게 만날지를 고민하는 게 비평이기 때문에 너희에게 비평, 비판의식이 중요하다는 이야기를 하고요. 성냥갑을 위에서 보는 것과 옆에서 보는 것은 모양이 다르잖아요. 사물이나 현상 혹은 세계를 다르게 볼 수 있는 그런 눈을 만드는 게 비평이기 때문에 꼭 문학계에 종사하지 않더라도 그런 시선을 가지는 사람을 길러내는 일이 문학 독자를 만드는 방법이 아닐까 생각합니다. 문학 내에서는, 비평 역사를 보면 작가에 대한 전기나 문학사, 리뷰, 텍스트 분석 같은 게 다 비평 범주 안에 들어가잖아요. 말하자면 비평은 그 시대가 요구하는 바에 조응하는 비판적 형식이라고 해야 합니다. 지금 이 시대가 요청하는 비평에 대해 고민해야 하는 한편, 요청하는 형식에 따른 다양한 글쓰기 방식을 개발하려는 노력 또한 비평가에게 필요해요. 구조적인 걸 비판하는 게 비판 의식을 만드는 거라면 다양한 비평의 가능성을 모색하고 개발하려고 노력하는 것 역시 중요한 거죠.

특집-좌담-4
    “1만 부 작가 50명 만들기 프로젝트”

    ▶ 오창은 : 한국 문학과 세계 문학의 이야기를 마지막으로 할게요. 한국 문학은 충분히 열려 있는데 제도에 갇혀서 중요한 부분을 놓친다거나 하는 문제가 있고, 그게 아니더라도 바뀐 환경이라는 건 확실한 것 같아요. 우리나라 작가들도 외국에 많이 초청되고 있고요. 문학의 미래도 더 이상 한국 문학만을 중심으로 논의되지 않잖아요. 문학적인 질문 속에서 우리를 둘러싸는 환경이 변화하는데, 작가로서 체감하는 것들이나 감각들이나 담론을 공유해 볼게요.

    ▶ 백가흠 : 전 레지던스 프로그램이 제일 좋은 거 같아요. 가서 뭘 쓰다 왔냐고 하면 대답은 못 하지만, 그건 오랫동안 두고 빼먹는 곶감 같은 거예요. 저는 그리스에 다녀왔는데 굉장히 좋은 경험이었어요. 번역 이야기는 저는 잘 모르겠고요.

    ▶ 서효인 : 저는 시는 우리나라가 제일 잘 쓴다고 생각해요. 시인이 원래 그렇게 생각하는 존재니까요(웃음).

    ▶ 백가흠 : 저는 솔직히 말해서 시가 다른 장르보다 더 경쟁력이 있다고 생각해요. 소설은 70년대의 몇몇 상황들을 빼면 아무것도 정립된 게 없다는 생각도 해요. 이걸 하면 할수록 우리는 더 깊은 수렁에 빠지는 것 같아요. 10년 후의 한국 소설이 세계 시장에 어떻게 하면 먹힐 것이냐 하는 질문을 하면 난감하죠.

    ▶ 오창은 : 노벨문학상도 이 담론에 중요한 영향을 미치죠.

    ▶ 서효인 : 아까 잠깐 말씀드린 담대하고 배포 있는 수용의 측면에서 말씀드리자면 우리 주변에 거의 모든 미디어와 매체는 애국주의 마케팅을 활용하잖아요. 하지만 문학만큼은 ‘문학의 위기’라고 하지 ‘한국 문학의 위기’라고 안 해요. 어느 나라 작가가 인기가 있든 책이 많이 나가든, 우리 사회와 독자는 신경 쓰지 않잖아요. 냉혹하죠. 이런 어려운 와중에도 우리가 잡초처럼 글을 쓰고 있는데, 그것만 해도 신기하지 않아요? 이런 삭막함 속에서도 글은 나오고 좋은 책이 나오니 우리는 충분히 우리 스스로를 위로할 명분이 있어요.

    ▶ 백가흠 : 서양에서는 꾸준히 해온 것인데 우리에게는 150년이란 말이죠. 남들이 나가니까 우리도 나가야 한다는 게 좀 아닌 것 같아요. 저는 번역지원이라는 것도 우리 작가의 작품을 번역해서 세계 시장에 놓는 건 좀 아니고, 다른 방향으로 전환을 좀 해봤으면 좋겠어요.

    ▶ 서효인 : 마무리를 하자면, 번역원이나 문화재단 등 여러 단체에서 지원 사업을 할 때, 특정 유명 작가를 선정해서 밀어 주는 것보다 다른 방식을 택해 달라는 부탁을 드리고 싶어요. 예를 들어 ‘만 부 작가 50명 프로젝트’ 같은 것도 있을 수 있죠. 우리나라에 좋은 작품을 쓰면 만 부 정도 팔리고, 그런 작가가 1년에 50명 되면 얼마나 기분이 좋겠어요. 생각만 해도 행복하네요.

    ▶ 소영현 : 세계 문학에 관련해서는 논의가 많아서 여기서까지 그 논의를 반복할 필요는 없겠고요. 어쨌든 세계 문학이라고 할 때 그 단어 밑에 민족문학이라는 말이 숨겨져 있어요. 한국 문학과 세계 문학의 간극 좁히기가 논의의 중심에 놓여 있기도 하고요. 사실 세계 문학 담론은 1930년대부터 반복적으로 등장했어요. 세계 문학 붐은 교양이나 세계문학전집 붐과도 관련이 있고요. 세계 문학의 관점에서 민족문학이 아직 그 수준에 이르지 못했다거나 하는 논의는 불편하기도 한데요. 다른 한편에서, 세계 문학에 대한 관심은 독자층을 넓히자는 담론과도 닿아 있어요. 한국 문학이 많이 번역되어서 세계에 알려져야 한다는 담론 자체에 그런 의미가 담겨 있죠. 그런데 이런 사정과는 무관하게, 지금 작가들 가운데 세계 문학을 의식하지 않으면서 글 쓰는 사람은 별로 없을 거예요 무엇이 나오고 무엇이 유행하는지 염두에 두고 있고, 비평도 세계가 무엇을 고민하는지에 항상 관심을 기울이죠. 더구나 하루키가 한국 문학에 끼친 영향을 두고 이야기할 때 분명해지듯, 이제 국경을 단위로 문학적 성격을 이야기하는 것 자체에 별다른 의미가 없어요. 그럼에도 불구하고 세계적으로 팔리는 작품이 있잖아요. 그건 문화산업의 차원에서 논의되어야 할 문제죠. 전 세계적으로 팔릴 수 있는 문학을 만드는 것과 우리 문학의 수준을 높이는 것은 분리해서 다루어야 할 문제인 거죠.

    ▶ 장성규 : 그런데 우리가 보통 세계 문학이라고 하지만 수용되는 것들은 대부분 서구 문학이거든요. 그리고 한국 문학의 번역 등도 주로 서구를 대상으로 진행되는 것이 사실이고요. 반면 아시아나 아프리카, 남미 등의 제3세계 문학에 대한 적극적인 수용이나 한국 문학과의 교류에 대한 문제의식은 절대적으로 부족하다고 생각해요. 한국 문학과 세계 문학의 교류라는 것 자체가 결국에는 한국 문학이 지니고 있는 특수성을 세계사적 맥락 속에서 재조명하기 위한 것이잖아요? 그렇다면 우리와 유사한 역사적 경험을 공유하고 있는 제3세계 문학과의 교류를 통해서 오히려 서로 배울 수 있는 것이 많지 않을까 싶습니다. 그런 의미에서 현재 세계 문학 담론이 지나치게 서구 중심적으로 전개되고 있다는 생각이 들어요.

특집-좌담-1
    “저기 독자가 있으니, 글로 만나자”

    ▶ 오창은 : 이제 좌담을 마무리할 시점에 이른 것 같습니다. 다소 신랄한, 그러면서도 스스로를 성찰하게 하는 언어들이 오고간 대화였습니다. 한 마디씩 덧붙일 말씀이 있으면 해주시면 고맙겠습니다.

    ▶ 백가흠 : 우리의 독자는 이미 세계 수준이잖아요. 작가들이 분발해야지요.

    ▶ 서효인 : 세계문학전집이 열풍을 일으키고, 생소한 해외 작가의 최신간이 번역이 되어 팔리고 그러잖아요. 그런 작품들이 팔리고 누군가가 그것을 읽는다는 건, 한국에 아직 독자가 많고 책을 읽는 사람들이 분명히 있다는 얘기죠. 오히려 해외문학이 우리에게 알려주는 거예요. 독자가 있다고. 저기에 있으니, 글로 만나라고.

    ▶ 장성규 : 결국 문제는 ‘위로부터의’ 세계화 담론으로 포획되지 않는 세계 문학과의 관계 맺음이 아닐까 싶어요. 그러니까 역으로 ‘아래로부터의’ 세계 문학과의 접속이 필요한 셈이죠. 앞서 말씀드린 것처럼 대안적인 방식의 세계화라는 문제의식 속에서 한국 문학과 세계 문학의 접점을 찾는 것이 중요하겠죠. 이런 문제의식이 없다면 결국 이건 국가주의적인 방식의 세계화, 혹은 상업적 기준으로 이루어지는 세계화와 큰 차이를 지니지 못할 거예요.

    ▶ 오창은 : 모두들 오랜 시간 수고하셨습니다. 감사합니다."
2013. 12. 9 오후 12:01:06,http://wiki.0hoo.net/Remote_%EB%8F%85%ED%9B%84%EA%B0%90,Remote 독후감,"책: Remote

나는 거의 만 4년째 한국에서 미국에 있는 회사와 리모트로 일을 하고 있다. 종종 내가 미국에 살고 있는 걸로 아시는 분도 있지만 사실 난 한번도 미국에 (관광으로도) 가본적이 없다. 그동안 일 한 회사는 두 곳인데 이 두번째 회사에 입사하고 얼마 후 37Signals의 Jason Fried와 DHH가 이 책을 냈다. 반가운 마음으로 킨들에서 구매 후 아주 재밌게 읽었다.

37Siganls의 글들을 종종 보거나 전작인 Rework를 본 사람들은 이제 '오피스는 일하기에 엿 같은 곳이라서 실제로 생산적인 일을 하기 위해 혼자 야근을 하거나 카페나 창고로 숨어야 한다' 와 같은 주장은 꽤 식상하기도 할텐데 나도 약간 그랬다.

When you work on your own, far away from the buzzing swarm at headquarters, you can settle into your own productive zone.

이는 분명 맞는 말이지만 이러한 주장이 실제 회사를 경영하는 사람들에겐 설득력이 약한것도 사실이다. 리모트를 반대하는 사람들은 대부분 '사내문화' 같은걸 좋아하기 때문에 난 '개인의 생산성 향상' 보다 더 크게 뒤집을 수 있는 이유들을 찾았다.

One of the secret benefits of hiring remote workers is that the work itself becomes the yardstick to judge someone’s performance. When you can’t see someone all day long, the only thing you have to evaluate is the work. A lot of the petty evaluation stats just melt away. Criteria like “was she here at 9?” or “did she take too many breaks today?” or “man, every time I walk by his desk he’s got Facebook up ” aren’t even possible to tally. Talk about a blessing in disguise! What you’re left with is “what did this person actually do today?” Not “when did they get in?” or “how late did they stay?” Instead it’s all about the work produced.

내가 생각하는 리모트의 핵심은 이것이다. 리모트를 하게 되면 직원의 성취가 가장 중요한 평가 잣대가 된다. 다른 것들은 거의 평가할 수 없으니까. 실제 일, 성취, 작업은 다른 모든 잉여-메타-워크의 필요조건인데 오피스에서는 후자에 대한 평가를 전자만큼이나 중요시한다.

사람들이 회사에서 중요하다고 여기는 '친화력', '조직력' 같은 것도 일에 도움이 되지 않는 부분은 더 이상 경쟁력이 되지 못할 것이고 부장님이 자기 술상무를 해주는 과장과 차장을 그것을 배려한 고과를 산정하지도 않을 것이다.

이는 '카페에서 일하면 생산성이 높아요' 같은 말 보다 훨씬 더 파괴적인 리모트의 효과다. 조직이 사람을 보는 방식을 완전히 바꿀 수 있기 때문이다.

다시 회사가 아닌 내 개인적인 입장에서 보자면 나는 아래의 이유가 참 맘에 들었다.

One of the benefits of allowing your team to work remotely is that it gives them an opportunity to change their scenery as often as they like. We don’t mean traveling to new and exotic places (though that’s an option too, of course). We mean working from home some days, a coffee shop another day, a different coffee shop another day, the library another day, etc.

보통 내 일과는 아침에 일어나서 샤워를 하고 옷을 입고 (파자마를 입고 일하진 않는다!) 일을 하다가 아내와 같이 나가서 점심을 먹는다. 그리고 카페에서 오후 시간을 보낸다. 카페가 마음에 들거나 집중이 잘 되면 퇴근때 까지 있고 가끔 그러지 않을 경우는 4시 전후에 다시 집으로 오거나 카페를 옮긴다.

즉 내가 원하는 만큼 (현실은 커피값 예산 만큼) 내가 일하는 장소와 '풍경'을 바꿀 수 있다. 난 이것이 내 '일하는 무드' 도움이 된다고 느낀다.

권순선님이 이 책에 대해 짧게 언급하셨을 때 다른 사람들은 이 책을 안 읽었으면 좋겠다는 생각도 잠깐 들었다고 하셨는데 나도 비슷한 마음이 있었다. 이 책에서 가장 많이 사용되는 단어는 (Remote를 제외하면) 생산성producitivity이다. 리모트를 도입하는 가장 중요한 근거로 내세우는 것이 개인과 조직의 생산성 향상이기 때문이다. 여기서 질문은 우리는, 우리 상사는, 우리 회사는 생산성, 일, 성취를 정말 중요시 하는가?

리모트는 집에서 놀고 쉬자는 웰빙이나 오피스를 파시스트의 소굴로 가정하는 히피 문화의 산물이기 때문에 효과가 있는 것이 아니라 생산성이라는 분명한 실익이 있기 때문에 작동한다. 하지만 내가 속했거나 보았던 국내의 조직들이 생산성을 그만큼 중요한 가치로 여겼는지는 의문이 있다."
2013. 12. 9 오후 12:02:29,http://newspeppermint.com/2013/12/08/giant-passes/,"거인, 세상을 떠나다","넬슨 만델라의 모든 업적 가운데서 가장 두드러지는 두 가지를 우선 꼽아보겠습니다. 첫째는 억압에 맞서면서도 강인함과 넓은 도량, 품위를 잃지 않은 모습입니다. 27년 간 그를 감옥에 가둔 자들이 편견이라는 감옥에 갇혀있는 동안, 만델라는 그 누구보다 자유로웠고 인내심과 유머감각을 잃지 않았죠. 당시 함께 생활한 교도관들은 그 누구보다도 만델라를 존경하게 되었습니다. 두번째는 고약한 편협함의 대명사였던 남아공의 이미지를 나라를 피부색과 관계없이 누구나 존중받으며 평등하게 살아가는 무지개빛 국가로 바꾸는 기적같은 일을 해냈다는 것입니다. 여전히 남아공의 현실이 그의 기준에 미치지 못한다는 사실은, 그가 제시한 이상이 얼마나 고귀한 것이었는지를 보여주는 증거입니다.
정치인으로서 그는 많은 자기모순을 갖고 있었습니다. 천재도 아니었고, 자신도 누누히 말했던 것 처럼 성자도 아니었죠. 그러나 그는 젊은 시절부터 남다른 카리스마를 보인 타고난 리더였습니다. 인종 차별이 법으로 보장된 나라에서 자신의 신념을 단 한 번도 의심하지 않았고, 시종일관 품위와 유머감각을 유지했죠. 온갖 고초를 치르면서도 백인에 대한 차별과 복수를 입에 담은 적이 없었기에, 전 세계인들에게 정의와 관용의 상징이 될 수 있었습니다. 더 놀라운 사실은 그가 깊이 생각할 줄 알고, 필요하다면 자신의 생각을 바꿀줄도 아는 인물이었다는 겁니다. 그가 석방되었을 때만 해도 아프리카민족회의(ANC)의 많은 당원들이 오랜 후원자인 소련의 도그마적 이념에 여전히 깊이 경도되어 있던 시절입니다. 자본주의 체제를 해체하고, 웨스트민스터식 의회민주주의도 거부해야 한다는 의견이 대세였죠. 하지만 만델라는 여러 사람의 의견을 충분히 듣고 생각을 정리한 끝에 개혁은 하되 자본주의와 자유민주주의를 유지하는 것이 남아공 국민들, 무엇보다도 가난한 흑인들에게 더 나을 것이라는 결론에 이르게 됩니다. 그 결과 오늘날 남아공의 모습은 1994년에 비해 훨씬 나아졌습니다. 인간의 존엄성이 보호받는 사회가 된 것은 물론이거니와, 흑인 중산층이 등장했고, 주기적인 선거가 치러지고 있으며, 언론은 활발하고, 법과 제도도 잘 갖추어져 있습니다.
만델라가 대통령직에서 물러난 이후, 남아공 사회는 실망스러운 두 명의 지도자를 겪었습니다. 경제성장은 지지부진하고, 정치판의 부패와 권위주의, 포퓰리즘은 심해졌습니다. 만델라가 그토록 혐오했던 인종간 반감이 공적 담론을 오염시키고 있습니다. 실업과 빈곤, 빈부격차가 여전히 문제로 남아있습니다. 성역에 가까운 만델라의 아우라덕에 근근히 입지를 지키고 있는 ANC도 부패와 비효율성으로 인해 비난을 사며 경쟁 정당들의 도전을 받고 있습니다. ANC의 실패가 만델라의 잘못은 아니지만, 만델라에게도 아쉬움이 남는 것은 사실입니다. 자신의 뒤를 이은 지도자들에게 강력하고 단호한 조언을 주었다면 어땠을까, 외교 분야에서는 기존의 우방들에게 지나치게 의리를 지킨게 아닐까 하는 아쉬움들이죠. 하지만 그가 평생 이룬 거대한 업적 앞에서 이런 아쉬움들은 별 것 아닌 문제가 되어버리고 맙니다. 이 세상 모든 사람이 공감하고 존경할 만한 구석을 한 몸에 갖춘 우리 시대의 인물로, 넬슨 만델라 외에 다른 이름을 떠올리기란 무척 어렵습니다. 한마디로 그는 훌륭한 인간이었던 것입니다. (Economist)"
2013. 12. 9 오후 12:02:48,http://newspeppermint.com/2013/12/08/whosaysmathhastobeboring/,누가 수학이 지루해야 한다고 했나요?,"미국 학생들은 수학, 과학, 그리고 공학 수업에 실증을 느낍니다. 학생들은 수백만대의 스마트폰과 태블릿을 구매하지만 이 물건들을 만드는데 필요한 기술을 배우는 것에는 전혀 관심이 없습니다. 공학자와 물리학자는 티비에서 도무지 정체를 알 수 없는 천재로 묘사가 되고 있고 앞으로 과학 기술 분야의 일자리를 크게 증가할 것으로 예상되지만 미국 고등학교 학생들 중에서 이 분야에서 일자리를 얻고 싶어 하는 학생들은 많지 않습니다. 고등학생의 90%가 대학에서 과학, 기술, 공학, 혹은 수학 (Science, Technology, Engineering or Math: STEM) 분야는 전공할 생각이 없다고 말합니다. 앞으로 5년간 이 분야에서 240만개의 일자리가 생길것으로 예상되지만 이 분야에서 커리어를 쌓고 싶어하는 학생들의 수는 오히려 줄어들고 있습니다. 학생들이 이렇게 관심이 없는 이유는 우리가 이 과목들을 학교에서 가르치는 방식과 관련이 있습니다. 학생들은 이 분야에 전혀 전문 지식이 없는 교사들에게 배우는 경우가 많습니다. 커리큘럼과 교과서는 이미 시대에 뒤쳐져 있습니다. 학생들은 자신들이 수학에 소질이 없다고 쉽게 확신하며 수학이나 과학은 소수의 똑똑하고 따분한 학생들을 위한 것이라고 단정해 버립니다.
지난 몇 년간 이러한 교육 시스템을 개혁해야 한다는 목소리가 있었지만 미국의 대부분의 학교는 여전히 낡은 커리큘럼대로 학생들을 가르치고 있습니다. 수학 과목을 가르치는 방식은 1950년대 그대로입니다: 연산, 대수학 기초, 대수학, 기하학, 삼각법, 그리고 17%의 학생들만이 미적분학을 배웁니다. 과학 역시 생물, 화학, 물리 이 세과목으로 한정되며 가끔 지구 과학이 추가되기도 합니다. 전미교육위원회(National Academy of Education)의 발간한 보고서가 지적하고 있듯이 이러한 커리큘럼은 고등학교 학생들이 대학에 진학해서도 수학이나 과학을 전공할 것이라는 것을 가정하고 있습니다. 하지만 실제로는 13% 이하의 학생들이 수학이나 과학을 전공합니다. 따라서 현재의 교수 방법은 수백만명의 학생들을 소외시키고 있으며 이들에게 현실에서의 문제 해결 능력을 제대로 가르쳐주고 있지 않습니다. 조지타운 대학의 조사에 따르면 과학, 기술, 공학, 수학(STEM) 관련 직업 중 높은 수준의 수학을 요구하는 일자리는 전체의 11%에 불과합니다. 하지만 이 분야의 대부분의 직업은 비판적 사고 능력을 요구하는데 학생들이 미분까지 배우는 그 긴 과정동안 학교는 이러한 능력을 가르쳐주지 않습니다. 평균 성적을 가진 학생들이 수학과 과학에 재미를 붙일 수 있도록 교육 커리큘럼을 개혁하는 것은 학생들의 미래에 큰 영향을 끼칠 수 있습니다. 다음은 몇 가지 가능한 개혁들입니다.
첫 째, 좀 더 융통성있는 커리큘럼이 필요합니다. 미국 학생들은 수학 성적에서 65개국 중 30위를 차지하고 있기 때문에 수학과 과학 관련 지식을 늘릴 필요는 있지만 모두가 수학자나 과학자가 될 필요는 없습니다. 학생들에게 좀 더 응용된 기술을 가르치는 수업 선택권을 줄 필요가 있습니다. 이는 학생들을 대학 진학반과 취업반으로 나누자는 주장이 아닙니다. 경력 관련 수업과 기술적 수업의 적절한 조화가 필요합니다. 학생들은 공학 관련 수업을 고등학교때 거의 접하지 못하는데 학생들이 이 분야에 더 관심을 가질 수 있도록 다양한 수업을 제공하는 것이 필요합니다. 둘 째, 학생들이 어릴 때부터 숫자에 익숙하도록 해야 합니다. 학생들이 수학을 좋아하고 좋은 성적을 낼 수 있는지를 예측하는데 부모의 소득이나 인종, 혹은 아이의 IQ보다 중요한 것은 유치원이나 그 이전에 숫자 체계에 대한 지식을 가졌는가입니다. 셋 째, 이 과목들을 가르치는 교사들이 더욱 준비되도록 해야 합니다. 자연과학을 배우고 있는 670만명의 학생 중 절반 이상이 이 과목들을 전공하지 않은 교사들로부터 배우고 있습니다. 이런 점에서 2021년까지 수학과 과학 분야에 10만명의 교사를 늘리려는 캠페인은 큰 의미가 있습니다. 마지막으로 현실 세계와 수업을 연결시키려는 노력이 중요합니다. 점점 많은 학교들이 수학과 과학을 교과서 밖으로 끄집어 내고 있습니다. 최근 오바마 대통령이 방문한 P-Tech라는 브루클린의 고등학교는 뉴욕시 공립 학교 시스템, 뉴욕 시립 대학, 그리고 IBM의 합작품입니다. 시애틀에 위치한 레이즈벡 항공 고등학교(Raisbeck Aviation High School)은 보잉사나 다른 항공 회사들과 협력해서 학생들에게 공학과 로봇 관련 지식을 가르치고 있습니다. 이러한 시도들의 성과가 아직 확실하지는 않지만 학생들이 수학과 과학에 흥미를 느끼도록 만드는 시도라는 점에서는 무척 의미가 있습니다. (NYT)"
2013. 12. 9 오후 12:03:05,http://newspeppermint.com/2013/12/08/wallstreetmothersstayhomefathers/,"월스트리트에서 일하는 엄마, 집에서 살림하는 아빠","미국 금융 회사인 웰스 파고(Wells Fargo)에서 일하는 마리엘 잔 드 보어(Marielle Jan de Beur)씨와 집에 머무르면서 살림을 담당하는 그의 남편 짐 랭글리(Jim Langley) 커플은 여전히 남성들이 대다수를 차지하고 있는 월스트리트에서 새롭게 등장한 소규모 그룹, 즉 아내가 금융권에서 일을 하고 남편이 집에서 집안일을 담당하는 커플의 모습을 잘 보여줍니다. 남성이 여전히 대다수를 차지하는 월스트리트에서 살림을 담당하는 남편들은 아내들이 직장에서 다른 사람들과 경쟁할 수 있는 토대를 마련해줍니다. 금융권에서 일하는 여성 중 집에서 살림하는 남편을 둔 여성의 비율은 1980년 2980명에서 2011년에는 10배가 증가한 21,676명이었습니다. 인터뷰에 응한 커플들은 아이를 돌봐주는 유모와 가사 도우미 서비스가 있어도 금융권에서 일을 하기 위해서 부부 두 명이 다 일자리를 갖는 것이 거의 불가능하다는 것을 깨달았다고 말했습니다. 문제 해결을 위해  고민하던 커플들은 전통적인 남성, 여성의 역할에서 벗어나 사고하기 시작하면서 자신들의 상황에 맞는 해결책을 찾게 되었다고 합니다.
13년 전 잔 드 보어와 랭글리 커플이 결혼했을 때 그녀의 남성 직장 동료들은 결혼 한 후에는 그녀가 거의 직장에서 살아남기 어려울 것이라고 냉소적으로 말했습니다. 하지만 궁극적으로 결혼은 그녀의 커리어을 위한 더 나은 선택이었습니다. 그녀가 아이를 임신했을 당시 랭글리씨는 건축 회사에서 장시간 일을 하고 있었고 다른 도시로 옮겨가라는 압박을 받고 있었습니다. 하지만 그가 받는 월급은 부인이 받는 월급의 절반도 되지 않았습니다. 이 커플은 자신들이 어떤 선택을 해야 하는지 명확해 보였습니다. 랭글리씨가 일을 그만뒀고 부인이 생계를 책임졌습니다. 10년이 지난 현재, 이 커플은 자신들이 한 선택에 만족하고 있습니다. 하지만 비슷한 처지에 있는 여성들은 자신들의 남편이 부딪힐 문제들이 쉽지 않다는 것을 알고 있습니다. 남편이 돈을 벌고 살림을 하는 엄마들의 경우는 요가 수업과 같은 곳에서 모여서 이야기를 나누곤 하지만 살림을 하는 남편들의 경우는 그렇지 않고 자신의 취미 생활을 개인적으로 하는 경우가 더 흔합니다. 인터뷰에 응한 여성들 중 몇몇은 남편이 요리나 청소를 하지 않는 것에 대해서 불만을 느낄때도 있지만 이를 남편에게 이야기 하는 것이 어렵다고 고백했습니다. 또 살림을 하는 남편들의 경우 부인의 일과 관련된 저녁 식사나 파티에 함께 가는 것을 그리 달가워하지 않았으며 학교에서 오는 가정 통신문의 경우도 여전히 부인이 관리하는 경우가 많다고 말했습니다.
월스트리트의 은행들은 지난 몇 년간 능력있는 여성들의 비율을 늘리기 위해서 노력했습니다. 하지만 은행권 임직원에서 여성이 차지하는 비율은 여전히 16%로 낮습니다. 금융권에서 여성이 한 가계의 생계를 담당하고 있다는 사실은 직장에서 좀 더 긍정적으로 인식되는 계기를 제공하기도 합니다. 사모펀드에서 일했던 한 여성은 구직 인터뷰에서 자신의 남편의 월급이 그리 높지 않고 좀 더 융통성있는 스케쥴과 가사 분담을 많이 한다는 사실을 이야기 했을 때 인터뷰 담당자가 매우 만족했다는 일화를 들려줬습니다. 그녀는 여성이 집안일에 더 많은 에너지를 쓰지 않아도 된다는 사실을 고용주가 알 때 이것이 여성에게 더 유리하게 작용한다는 것을 알게 되었습니다. (NYT)"
2013. 12. 9 오후 12:03:27,http://newspeppermint.com/2013/12/08/intelligence-drinking/,똑똑한 사람들이 더 많이 술을 마신다?,"술을 많이 마시게 되는 연말 시즌이 돌아왔습니다. 그러나 여기, 숙취에 고생하고 있는 당신을 위한 핑계거리가 있습니다. 당신이 술을 많이 마시는 건 머리가 좋기 때문이어서일지도 모릅니다.
핀란드에서 3000쌍의 쌍둥이를 연구한 바에 따르면 어릴때 빨리 말을 시작한 아이가 커서 술을 많이 마시게 될 가능성이 더 높다고 합니다. 언어 능력은 사회적 지능과 직결되고, 사회적으로 활발한 사람은 술자리에 갈 가능성이 높아지기 때문이지요. “뛰어난 언어적 능력은 또래 사이에 거부당할 가능성을 낮춰주죠. 청소년기에 인기많은 아이는 보통 술을 마시게 됩니다.” 먼저 말문을 띄는 아이는 중고등학교에서 대학과정에 이르기까지 공부를 잘할 가능성도 높은데 학문에 대한 호기심과 배우려는 욕심은 더 큰 자극을 찾으려는 성향과도 상관관계가 있습니다.
진화심리학자 사토시 카나자와에 따르면 인간의 두뇌는 지능수준에 따라 이전에 존재하지 않았던 습관을 소화하는데 어려움을 겪습니다. 인간은 고작 10,000년전에 알코올을 소비하기 시작했고, 그렇다면 지능과 음주습관이 관계가 있을지도 모릅니다. 1958년에 영국에서 태어난 아이들을 50년후에 추적 분석한 결과 음주량은 종교, 교회출석률, 사회적 계층, 부모의 교육수준과 삶의 만족도 등 과 아무 관계가 없었으나 성별과 16세 이전의 지능수준(IQ)만은 상관관계가 있었습니다. 마약사용도 마찬가지로, 16세 당시 IQ가 높았던 아이들이 42세가 되어 마약을 복용할 확률이 높았습니다.
1950년-90년 사이 1800명 덴마크 남성을 추적 연구한 바에 따르면 더 높은 IQ를 가진 이는 맥주보다 와인을 선호한다는 결과도 있습니다. 와인을 마시는 사람은 맥주를 마시는 이보다 사회적 위치가 높을 가능성이 높습니다. 수입, 교육수준, 사회적 위치, 지능 수준이 모두 상관관계가 있기에 와인을 선호하는 것이겠죠.
교육수준이 높을 수록 30대에 술을 마실 가능성이 높다는 런던경제대학의 연구도 있습니다. 이는 여성의 경우 특히 두드러지는데, 대학을 졸업한 여성은 고등학교를 졸업하지 못한 여성에 비해 술을 마실 가능성이 86% 높습니다. “사회 생활을 할 수록 음주를 할 가능성이 높아지죠. 특히 남성 중심사회에서 학교를 다니고 일을 하는 여성은 음주 문화에 노출되며, 양육의 부담이 연기될 수록 음주 습관이 자연스럽게 자리잡죠.” (New Republic)"
2013. 12. 9 오후 12:03:45,http://newspeppermint.com/2013/12/08/6factsaboutantiboticresistance/,항생제 내성(antibiotic resistance)에 관한 6가지 불편한 사실들,"1. 미국에서는 한해 2백만명이 ‘심각한(serious)’ 항생제 물질 내성균(antibiotic-resistant bacteria)에 감염되고, 이중 2만 3천여명이 사망에 이릅니다. ‘심각한’ 단계는 질병관리 및 예방 센터(Centers for Disease Control and Prevention)에서 상황의 심각성에 따라 분류하고 있는 ‘긴급한(urgent)’, ‘심각한(serious)’, 그리고 ‘염려되는(concerning)’ 3단계중 2번째 단계에 해당됩니다.
2. 항생제 내성에 대한 경고는 1945년부터 줄곧 이루어져 왔으나, 어느 누구도 그 경고를 주의 깊게 듣지 않았습니다. 페니실린을 발견한 알렌산더 플레밍(Alexander Fleming)은 그가 노벨상을 수상한 1945년부터 항생제가 효용성을 잃을 수도 있다고 경고 해왔습니다. 가령, 항생제의 일종인 페니실린이 환자에게 과소량 처방된다면 이는 질병의 원인이 되고 있는 균을 박멸하지 못해 항생제에 보다 강한 내성을 지닌 균을 기르게 될 수 있다고 합니다. 그리고 이러한 일이 반복되서 일어난다면 종국에는 항생제에 완전한 내성을 지닌 균들이 나타나 항생제의 효능을 무력화시킬 수도 있다는 것이죠.
3. 항생제에 내성을 지닌 박테리아 무리 수가 증가하는 추세에 있습니다. 예를 들면, 1980년에서 1987년 사이에 폐렴연쇄상구균(Streptococcus Pneumoniae) 중 페니실린에 대한 내성을 지닌 개체수는 5% 대에 머물렀으나 1997년에는 44% 까지 급등했습니다. 항생제를 써도 효과가 없거나 효과를 보기 위해서는 더 많은 양의 항생제를 투입해야할 상황이 점점더 많아 진 것이죠.
4. 미국 식품 의약국(FDA)에서 승인하는 새로운 항생제 개발 건수가 지속적으로 감소하고 있습니다. 이는 1980년대까지 비교적 개발과정이 용이하다고 알려져 있는 항생제의 특질을 지닌 자연 물질의 대다수가 개발이 완료되었고, 이미 개발된 항생제를 통해 많은 균들이 내성을 기르는 바람에 개발과정이 이전보다 훨씬 어려워진 탓입니다. 현재 많은 제약회사들은 항생제 개발에 대한 연구개발비를 대규모로 축소하고 있습니다.
5. 매일 처방되고 있는 항생제의 절반정도는 효과적인 측면에서 전혀 필요없거나 최적화되어 있지 않다고 합니다. 이는 곧, 항생제의 오남용 사례가 전체 사례의 절반이나 차지한다는 것을 의미합니다. 최근 진행된 한 연구에 따르면, 항생제가 전혀 필요하지 않은 기관지염 환자 중 73%에게 불필요한 항생제가 처방된 것으로 나타났습니다. 또한, 응급실 환자 중 20%정도가 항생제 오남용으로 비롯된 사례로 파악되고 있습니다.
6. 인간의 의학적 목적 뿐만이 아니라, 많은 양의 항생제가 가축 사육의 용도로 사용되고 있습니다. 가축에게 사용되는 항생제는 질병의 치유보다는 경제적인 이유로 투입되는 경우가 훨씬 많다고 합니다. 항생제가 가축들의 몸무게를 늘리고 성장을 촉진시키기 때문인데요. 이처럼 꼭 필요한 곳이 아닌 곳에 사용되는 항생제 남용은 박테리아의 내성만 길러, 항생제의 효능이 떨어지는 원인이 되고 있습니다. (Grist)"
2013. 12. 9 오후 12:04:02,http://newspeppermint.com/2013/12/08/morality/,인간의 도덕적 본능에 대한 두 권의 책,"우리는 자신의 도덕적 기준을 사용해 어떤 행동의 옳고 그름을 이야기합니다. 음식이나 성에 대한 취향이 생물학적 원인을 가지고 있는 것처럼, 이 도덕적 기준 역시 생물학적인 요소에 바탕을 두고 있습니다. 문화와 이성은 부분적으로만 이를 다듬게 됩니다.
인간의 도덕적 욕구는 다른 욕구들과 마찬가지로 생존과 번식을 위해 만들어졌습니다. 도덕은 집단을 유지하는 기반이 되며, 협력에 방해가 되는 이기주의를 처벌하고, 그 결과 다른 집단과의 대결에서 우위를 점할 수 있게 만듭니다. 그러나 이런 자신이 속한 집단을 타집단보다 더 우선시 하는 본능은 전세계가 하나로 연결된 오늘날 종종 부적절하게 작동하는 것도 사실입니다.
예일대와 하버드대의 두 심리학자, 폴 블룸과 조슈아 그린은 각각 자신만의 관점에서 이 도덕적 본능의 진화적 뿌리를 연구한 책을 발표했습니다.
“심지어 아기들도(Just Babies)”에서 블룸은 유년기의 도덕발달을 다룹니다. 연구진은 인형극이나 만화를 이용해, 착한 행동과 나쁜 행동에 대해 신생아들이 어떻게 반응하는지를 관찰하였습니다. 이들은 생후 3개월된 아기조차도 착한 주인공을 나쁜 주인공보다 더 선호한다는 사실을 발견했습니다. 아기들은 착한 주인공을 나쁜 주인공보다 더 오래 바라보는 것과 같은 방법으로 자신들의 선호를 표현했습니다.
블룸의 혐오감(disgust)에 대한 실험은 특별한 재미를 안겨줍니다. 예를 들어, 일반적으로 도덕적 순수성은 보수적인 사고방식과 관련됩니다. 그는 학생들이 손 소독장치를 옆에 두었을 때 그들의 정치적 관점이 더 보수적으로 바뀐다는 것을 발견했습니다. 그는 여기에서 더 나아가, 혐오감을 바탕으로 옳고 그름을 판단해서는 안되며,  혐오감은 단지 사람을 편견에 빠지게 할 뿐이라고 이야기합니다.
그린의 책 “집단 우선주의(Moral Tribes)”는 우리가 가진 도덕장치를 설명하며, 우리가 윤리적 딜레마를 어떻게 해결할 수 있는지를 구체적인 예와 함께 설명합니다. 그린은 인간은 두 종류의 도덕장치를 두뇌에 가지고 있다고 말합니다. 빠르고 저절로 작동하는 첫번째 장치는 ‘집단 우선주의적’인 것으로, 감정에 의해 작동하며, 집단내의 문제를 효율적으로 풀 수 있습니다. 반면 상대적으로 느리고, 의지에 의해 사용할 수 있는 장치는 보다 공평한 기준을 가지고 있습니다. 그의 생각은 다니엘 카네만의 “생각에 관한 생각(Thinking, Fast and Slow)”를 떠올리게 합니다.
그린은 트롤리 딜레마(trolley dillema)라는 유명한 철학적 문제를 가지고 이 두 도덕장치의 충돌을 연구했습니다. 트롤리 딜레마는 한 명을 희생해 여러명을 살릴 수 있을 때 우리는 어떻게 해야 하는가 하는 질문에서 발생되는 딜레마입니다. 많은 사람들이, 자신 옆에 있는 한 명을 밀어 희생시키고 여러명을 살리는 것은 옳지 않다고 판단하지만, 스위치로 열차의 방향을 바꾸어 기존의 선로에 있던 여러명 대신 다른 선로에 있는 한 명을 희생시키는 것은 옳은 일이라고 생각합니다.
이 문제가 딜레마인 이유는, 한 명을 희생시켜 여러명을 살릴 수 있는, 같은 것으로 보이는 상황에 대해 사람들이 서로 다른 판단을 하기 때문입니다. 그린은 이 문제에서 우리가 사람을 미는 것보다 스위치를 사용하는 것을 더 선호하는 이유는 그저 보복이나 따돌림을 유발할 수 있는 물리적 폭력을 우리가 꺼려하도록 만들어져 있기때문일 뿐이라고 자신의 실험을 통해 주장합니다.
그린은 우리의 느린 이성적인 도덕장치는 자연스럽게 공리주의를 절대적 도덕기준으로 가지고 있다고 말합니다. 공리주의란 곧, 다수의 더 많은 행복이 옳고 그름의 기준이 된다는 주장입니다. 그린은 우리가 이 공리주의로 무장한 느린 도덕장치를 빠른 ‘집단 우선주의적’ 도덕장치보다 우위에 둠으로써 더 나은 삶을 살 수 있다고 말합니다.
물론, 현실에서는 빠른 장치를 주로 사용하는 사람들의 수가 더 많아 보이며, 따라서 이 사람들을 이용하는 정치인들이 성공하는 것처럼 보이는 것이 사실입니다. 조나단 스위프트가 말한 것처럼, 이성적으로 문제를 대하지 않는 사람들을 이성적으로 설득할 수는 없는 것입니다. (Nature)"
2013. 12. 9 오후 12:04:17,http://newspeppermint.com/2013/12/05/real-centrist/,미국에서 중도 성향의 제3당이 등장할 가능성은?,"-NYT에 실린 토머스 에드솔(Thomas Edsall) 칼럼입니다. 
건설적인 합의와 타협 노선을 싫어한다는 사람은 드물지만, 특정 사안별로 실제 합의를 도출해내는 일은 어렵기 그지없습니다. 왜 미국 정치가 좌우 분열과 양극화을 벗어나지 못하는가에 대한 카르미네스(Carmines), 엔슬리(Ensley), 와그너(Wagner) 3인의 연구를 보면, 미국 정치의 양극화가 완화되거나 중도 성향의 제 3당이 만들어질 가망은 거의 없어보입니다.
이들은 지난 40년 간의 미국 유권자들을 이념에 따라 총 5가지로 분류했습니다. 진보(liberal)가 19%, 보수(conservative)가 27%, 리버테리언(libertarian)이 22%, 포퓰리스트(populist)가 11%, 그리고 이른바 온건파(moderate)가 21%였죠. 가운데의 21%는 기존의 흔한 분류법에 따라 진보, 중도, 보수로 나누었을 때의 중도(보통 35% 이상)보다 훨씬 적은 수치입니다. 스스로를 중도로 분류하는 사람들도 실제로는 사안에 따라 서로 아주 다른 입장을 취하기 때문에, 세분화시켜보면 “진짜 중도파” 유권자 비율은 줄어들 수 밖에 없는 것이죠. 리버테리언과 포퓰리스트는 양쪽 다 스스로를 중도라고 칭하지만, 이들을 하나의 당으로 묶어내는 것은 불가능한 일입니다. 리버테리언과 포퓰리스트의 가치관 차이는 진보와 보수의 차이만큼이나 큽니다. 게다가 우리가 “중도”라고 생각하는 후보가 과연 이들 “중도” 유권자들에게 어필할 수 있을지도 의문입니다. 가상의 제 3당이 내놓을 수 있는 유력한 대선 후보로 꼽히는 마이클 블룸버그(Michael Bloomberg)를 예로 들어봅시다. 전형적인 포퓰리스트, 즉 노조원으로 사회 복지 혜택을 원하지만, 교회에 다니면서 동성결혼이나 낙태에는 거부감을 갖고 있는 백인 남성은 블룸버그에 별다른 매력을 느끼지 못할 것입니다. 사회적 자유주의를 추구하는 론 폴 타입의 전형적 리버테리언 역시 국가의 역할을 강조하고 규제와 세금을 좋아한다는 이유로 블룸버그에게 표를 주지 않을 가능성이 높습니다. 그렇다고 블룸버그가 한 쪽을 만족시키기 위해 한 쪽으로 기운다면 그는 더 이상 “중도” 후보가 아닌 것이죠.
현재 미국의 공화/민주 양당 체제에서 리버테리언들은 경제면에서는 공화당, 사회면에서는 민주당과 가치를 공유합니다. 포퓰리스트는 그 반대죠. 이러한 상황에서 공화/민주 양당이 택할 수 있는 옵션은 두 가지입니다. 하나는 당색을 더욱 강화해 핵심 지지자들을 확실히 확보하고, 리버테리언과 포퓰리스트, 그리고 “진짜 중도파”들의 지지를 포기하는 것입니다. 이 경우 미국 정치는 더욱 양극화되겠죠. 두번째는 “중도” 중에서도 타겟으로 하는 집단을 세분화시켜 공략하는 것입니다. 민주당이라면 리버테리언들을 공략하기위해 경제 정책을 오른쪽으로 옮기는 식으로요. 하지만 두 옵션 모두에 트레이드오프가 발생하기 때문에 양당 모두 현재의 모습을 유지하려 할 가능성이 큽니다.
미국의 정치적인 양극화가 완화되는 시나리오는 두 가지를 생각해볼 수 있습니다. 공화당이 거듭 대통령 선거에서 패배한 끝에 티파티를 버리고 가운데로 옮겨오는 시나리오입니다. 현실성이 더욱 떨어지는 두번째 시나리오는 경제적으로 어려운 처지에 있는 민주당원들이 당을 장악해, 높은 세율을 두려워하는 부유한 민주당원들이 공화당으로 옮겨가면서 세력 균형을 이루는 것입니다. 하지만 명확하게 규정할 수 있는 중도, 영향력을 발휘할 수 있는 중도의 실체가 없는 현 상황에서는 민주당이 아주 적은 표차로 대통령을 배출하고, 중간 선거에서는 공화당이 승리하는 상황이 계속해서 이어질 가능성이 높습니다. “중도 유권자”의 존재가 정치나 선거의 모습을 바꾼다는 것은 환상에 가까운 이야기입니다. (NYT)"
2013. 12. 9 오후 12:04:39,http://newspeppermint.com/2013/12/05/evolution-of-college-library/,대학 도서관의 진화,"영국 캠브리지 대학의 학자인 제임스 캠벨(James Campbell)과 명성 있는 건축 사진 작가인 윌 프라이스(Will Pryce)는 지난 3년간 21개 국가, 84개의 도서관을 방문하면서 고대부터 현대까지 도서관의 진화 과정을 기록했습니다. 이들이 최근 출판한 책, “도서관: 세계 역사(The Library: A World History),”은 전 세계 대학 도서관뿐만 아니라 공공 도서관, 그리고 사립도서관의 발전 과정을 자세히 기록하고 있습니다. 아래는 대학 도서관의 발전 과정의 핵심을 보여주는 내용을 이 책에서 발췌한 내용입니다.
1. 트리니트 홀, 캠브리지, 영국, 1950 (Trinity Hall, Cambridge, United Kingdon, 1590)
트리니티 홀 도서관은 건립 당시의 독서대를 그대로 보존하고 있습니다. 중세 시대의 도서관들은 대부분 비슷한 모습인데 책은 책상에 보관되어 있고 독서대에서 책을 읽는 형식이었습니다. 독서대 형식의 도서관은 제한된 규모이지만 중세 당시 도서관이 가진 책의 규모를 고려해 볼 때 이는 큰 문제가 아니었습니다.
출처: The Atlantic
출처: The Atlantic
 
2. 퀸즈 칼리지, 캠브리지, 영국, 17세기 중반(Queens’ College, Cambridge, United Kingdon, Mid-17th Century)
17세기의 도서관들은 인쇄 문화가 도서관에 미친 영향을 보여줍니다. 캠브리지의 퀸스 칼리지 도서관은 15세기에 완성되었습니다. 당시 옥스포드나 캠브리지 대학의 각각의 칼리지는 자신만의 도서관을 가지고 있었습니다. 퀸스 칼리지 도서관도 처음에는 독서대 형식의 도서관이었지만 늘어나는 책을 다 수용할 수 없어서 독서대를 없애고 수직형 책장을 들여놓았습니다.
출처: The Atlantic
출처: The Atlantic
 
3. 뤤 도서관, 트리니티 칼리지, 캠브리지, 1695 (The Wren Library, Trinity College, Cambridge, 1695)
17세기의 가장 화려한 대학 도서관은 캠브리지 대학의 트리니티 칼리지 도서관입니다. 위대한 건축가인 크리스토퍼 뤤(Christopher Wren)이 디자인 한 이 도서관은 외관에서 보이는 것만으로는 도서관 내부의 구조를 알기 어렵습니다. 당시 외국인들은 이 도서관을 보기 위해서 캠브리지 대학을 방문하곤 했는데 이 도서관의 규모와 화려함에 대해서 고국에 편지를 쓰기도 했습니다.
출처:  The Atlantic
출처: The Atlantic
 
4. 비블리오떼까 호아니나,  꼬임브라 대학, 포르투갈, 1728 (Biblioteca Joanina, Portugal, 1728)
꼬임브라 대학은 포르투갈에서 가장 오래된 대학으로 그 기원이 1290년으로 거슬러 올라갑니다. 이 엄청난 도서관은 왕 호아오 5세(King Joao V, 1706-1750)의 선물이었습니다. 이 도서관을 운영하는 비용은 최근 브라질에서 발견된 금광에서 왔습니다. 당시 도서관장은 왕에게 형편없는 도서관 시설을 개선할 수 있도록 예산을 요구하는 편지를 썼는데 놀랍게도 왕은 새로운 건물을 짓기 위한 돈 뿐만 아니라 이 새로운 건물에 구비될 책을 사는 비용까지 할당했습니다. 이 때문인지 이 도서관은 가장 사치스러운 대학 도서관의 모습을 띄고 있습니다.
출처: The Atlantic
출처: The Atlantic
 
5. 캠브리지 대학 도서관, 캠브리지, 영국, 1842 (Cambridge University Library, Cambridge, United Kingdon, 1842)
19세기에 캠브리지 대학은 형편없는 도서관 시설을 개선하기로 결정하고 건축 공모전을 시행했습니다. 건축가 C.R. 코크렐(Cockerell)이 당첨되었는데 그가 디자인 한 리딩룸은 당시 급진적인 반원통형의 높은 둥근 천장을 가지고 있습니다. 그리고 반원 형태의 창문이 양쪽으로 나 있습니다. 이러한 건축 형태는 이 당시 지어진 도서관들에서 많이 찾아볼 수 있습니다.
출처: The Atlantic
출처: The Atlantic
 
6. 피셔 예술 도서관, 펜실베니아 대학, 필라델피아, 미국, 1891 (The Fisher Fine Arts Library, University of Pennsylvania, Philadelphia, 1891)
1884년 펜실베니아 대학은 에너지 넘치는 새로운 도서관장, 제임스 반웰(James Barnwell)을 임명했습니다. 그는 새로운 장서 구입을 위한 예산을 따내는데 매우 성공적이었고 그 결과 도서관은 성장했습니다. 하지만 여전히 펜실베니아 대학이 실제로 도서관의 증축에 큰 관심을 보인 것은 반웰이 사직서를 제출한 이후부터였습니다. 대학은 건축가 프랭크 퍼니스(Frank Furness)에게 디자인을 맡겼는데 1981년 완공된 이 도서관은 확장이 간편한 철골 구조를 가지고 있습니다.
출처: The Atlantic
출처: The Atlantic
 
7. 베이네크 도서관, 예일 대학교, 뉴 헤이븐, 미국, 1963 (The Beinecke Library, Yale University, New Haven, 1963)
예일 대학교에 있는 베이네크 도서관을 방문하는 것은 잊지 못할 경험입니다. 내부 구조는 정말 예상하지 못한 모습입니다. 버몬트산 대리석으로 만들어진 벾은 외관상 하얀 색이지만 내부에서는 햇살이 비추면 호박 색깔의 은은한 빛을 냅니다.
출처: The Atlantic
출처: The Atlantic
8. 그림 센터, 훔볼트 대학, 베를린, 독일, 2009 (The Grimm Centre, Humboldt University, Berlin, 2009)
훔볼트 대학의 그림 센터는 구전 동화로 유명한 그림 형제(Jacob and Wilhelm Grimm)의 이름을 따서 붙여졌습니다. 독일에서 그림 형제는 독일 언어에 관한 가장 방대한 사전을 집필한 학자로 유명하기도 합니다. 이 도서관은 2차 세계대전 당시 파괴된 도서관을 대신해 지어진 것인데 스위스 건축가인 맥스 더들러(Max Dudler)가 디자인했고 2009년에 완공되었습니다. 이 도서관의 가장 큰 특징은 개가식 서가(open-stack shelving)입니다.
출처: The Atlantic
출처: The Atlantic
(The Atlantic)"
2013. 12. 9 오후 12:04:58,http://newspeppermint.com/2013/12/05/theweddingfixisin/,결혼 관련 서비스는 왜 가격이 불투명할까?,"결혼 준비 과정에 있는 많은 사람들은 비싼 비용뿐만 아니라 부족한 결혼 관련 서비스의 가격에 관한 정보 때문에 많은 어려움을 겪습니다. 드레스샵이나 부케와 꽃 장식을 제공하는 업체들이 온라인에 가격을 공개하지 않을 뿐만 아니라 전화 통화를 해도 가격의 범위를 잘 알려주지 않고 일대일로 만나서 이야기 하기를 원합니다. 드레스샵의 경우 드레스를 입어보기도 전에 업체들은 고객의 직업, 주소, 드레스에 쓸 예산, 결혼 관련 전체 예산등을 기입하도록 요구하기도 합니다. 이는 결혼 관련 업체들이 고객이 얼마만큼 돈을 쓸 용의가 있는지를 파악하려는 것으로 해석됩니다. 실제로 같은 서비스라고 해도 가족 행사나 기업 행사보다 결혼과 관련되어 있다는 것을 알면 업체들은 더 높은 가격을 부릅니다. 소위 “가격 차별(price discrimination)”을 적용하는 것이죠. 이는 불공정해 보이지만 법적으로 아무런 문제가 없으며 가격에 대한 정보가 불투명하고 소비자들이 가지고 있는 정보가 제한되어 있는 경우에 더 쉽게 발생할 수 있습니다.
인터넷이 널리 퍼지기 시작하면서 항공권 구매나 책 주문, 그리고 심지어 생명 보험 분야에 이르기까지 고객들이 제품을 비교하는데 드는 비용이 줄어들면서 많은 분야에서 가격이 하락했습니다. 커플당 평균 2만 5천 달러를 쓰고 전체로 보면 500억 달러 규모의 미국의 결혼 산업도 비슷한 상황을 겪을 것으로 예상했지만 여전히 결혼 서비스와 관련된 가격 정보는 부족한 상태이고 가격도 하락하지 않았습니다. 왜 실리콘밸리의 스타트업이 이 시장에 들어와서 가격을 더 투명하게 만들지 않는걸까요? 전문가들은 결혼 산업의 이러한 측면은 결혼 서비스 자체가 고객 개인별 맞춤형이기 때문에 아무리 가격 정보가 투명해지더라도 가격이 하락할 가능성은 낮다는 것입니다. 또 대부분의 신부가 생애 처음으로 이러한 서비스를 이용한다는 것도 이에 기여합니다. 이들은 공정한 가격이 무엇인지에 대한 정보가 부족하고 제대로 된 정보를 찾는데 얼마나 걸리는지에 대해서도 감이 없습니다. 또 결혼은 (이상적으로) 일생의 단 한번이라는 점에서 결혼 업체들이 고객들에게 감성적으로 “당신의 인생에서 가장 중요한 날을 싸구려로 장식하지 마세요”라고 호소하기 쉽습니다.
“일생의 단 한번”이라는 이 논리와 개인 맞춤혀이라는 특징 때문에 결혼 서비스는 하나의 가격으로 정량화하기가 어렵다고 업체 관계자들은 말합니다. 하지만 이 논리는 그렇게 설득력 있지는 않습니다. 로칼리티(Locality)와 같은 스타트업들은 정형화된 가격이 없었던 마사지나 탁아, 치과와 같은 서비스 분야의 가격을 수집해서 비교해 보여주고 있기 때문입니다. 결혼 산업에도 이와 비슷한 서비스를 만드는 것은 그렇게 어렵지 않아 보입니다. 하지만 어떤 스타트업이 결혼 산업에 이런 서비스를 제공하더라도 그것이 가격을 인하할 것 같지는 않습니다. 왜냐면 결혼 업체들은 이에 대응해 서비스간 가격 비교를 더욱 어렵게 하는 전략으로 맞설 수 있기 때문입니다. 예를 들어 같은 제품에 대해서 다른 이름을 붙이는 것은 소비자들이 제품을 비교하는 것을 어렵게 합니다.
궁극적으로 사람들이 결혼 서비스를 찾을 때 가격은 가장 큰 고려 요소가 아닐지 모릅니다. 비유를 하자면 복잡하기로 악명 높은 건강 보험과 관련해 어떤  가격을  뇌외과 의사가 가장 싼 수술 가격을 제시한다고 모든 환자들이 그 의사에게로 몰리지 않는 것과 마찬가지입니다. 결혼이나 복잡한 수술과 같은 서비스 분야에서 고객들은 가격보다는 서비스의 품질을 더 중시하기 때문에 서비스 가격을 투명하게 한다고 해서 그것이 고객들의 선택에 큰 영향을 주지는 않을 것입니다. 결혼 시장에서 결혼 당사자들이 부케와 꽃 장식 스타일이나 결혼 드레스에 대해 매우 구체적으로 강한 선호를 가지고 있다면 이는 가격에 덜 민감하다는 것을 의미합니다. 만약 칵테일 냅킨이 반드시 파란색이어야 한다면 커플은 이를 위해서 돈을 더 지불할 의사가 있을 것입니다. 따라서 가격이 아무리 투명하더라도 결혼 관련 비용이 내려가는 일은 잘 없을 것입니다. (NYT)"
2013. 12. 9 오후 12:05:18,http://newspeppermint.com/2013/12/05/goldieblox-parody/,패러디와 저작권,"골디블락스(Golidieblox)는 여자아이들도 과학과 공학에 관심을 가질 수 있도록 여자아이들용 조립 장난감을 제작하는 스타트업입니다. 1년전 킥스타터를 통해 성공적으로 착수 자금을 마련한 이후 지금은 미국 전역 장난감 가게에 납품할 준비를 하고 있습니다. 그런데 이 과정에서 제작한 유튜브 광고가 저작권 소송에 휘말렸습니다. 광고에 비스티 보이즈의 “Girls”에 나오는 가사 “집에서 설거지해줄 소녀들, 내 방 치워줄 소녀들”를 바꾸어 “우주선을 지을 소녀들, 새 앱을 개발할 소녀들”이라고 패러디를 했는데 음원 사용을 사전에 허락받지 않은 거죠. 골디블락스는 패러디였기 때문에 법에 저촉되지 않는다고 주장했습니다. 그렇다면 패러디는 정말 저작권법으로부터 안전할까요?
대부분 국가의 저작권법상 크리에이티브 커먼즈(CC) 등을 통해 저작권자가 사전허가를 알리지 않는 이상 무단 사용은 불법입니다. 미국에서는 두가지 예외가 있는데 첫번째는 강제실시권(compulsory licensing) 이라 하여 이미 대중에게 공개된 음원이 비슷한 형태로 재녹음될 경우입니다. 이를 재배포한 아티스트가 작곡가에게 무단으로 사용된 음원의 비용만 지불하는 식이죠. 두번째는 공정 이용(fair use)이라 하여 패러디, 비판, 비평을 학문, 정치, 사회적 목적으로 사용할 경우 저작권자의 허가없이 제한적으로 이용 가능합니다. 그러나 여기서 사용하는 잣대가 모호하고 추상적이라 라이센싱 하기 어려운 음원을 패러디 하고 싶은 음악가들은 사전에 허가를 구하는 게 일반적입니다.
골디블락스가 사전에 비스티보이즈의 허락을 받지 않은 것은 분명히 실수입니다. 강제실시권을 주장하기에는 음원의 형태가 아니라 비디오로 만들었기에 문제가 됩니다. 그래서 골디블락스는 사회적 비평을 하기 위한 용도로 이 음악을 사용하였다고 주장하였습니다. 비스티보이즈 대변인의 문제 제기를 받자, 패러디로서 인정받기 위해 법원을 통해 비스티보이즈에 소송을 건 거죠. 비스티 보이즈는 다시 공개적으로 유감을 표명하였고, 골디블락스는 다른 음악을 사용한 새 광고를 업로드했습니다. 그리고 소송을 철회할 것이라 밝혔죠.
양측 모두 지금은 만족한 것으로 보입니다. “저희도 남녀역할에 대한 고정관념을 타파하고 여자아이들에게 공학에 대한 꿈을 심어준다는 데는 대찬성입니다.” “저희도 사실 비스티보이즈의 굉장한 팬입니다. 싸우고 싶지 않아요.” 그리고 이제 연말 크리스마스 쇼핑 시즌만 남았습니다. (Economist)"
2013. 12. 9 오후 12:05:33,http://newspeppermint.com/2013/12/05/leadedcoffee/,"독일, 커피에서 납성분이?","베를린 소재 연방 위해성 평가 기관(Bfr: the Federal Institute for Risk Assessment in Berlin)에서 커피 머신에 생긴 석회찌꺼기(limescale)를 청소한 직후 추출된 커피에서 다량의 납이 기준치 이상으로 발견되었다는 조사 결과를 내놓았습니다.
조사 대상으로 선정된 커피 머신들 중 2/3 가량에서 기준치 이상의 납이 검출되었고, 이중 일부는 유럽연합이 정한 기준치보다 100배나 높은 납농도를 기록했다고 합니다. 심지어, 며칠이 지난 후 진행된 재심사에서조차 유럽연합 기준치보다 5배나 높은 납성분이 검출된 커피 머신도 발견되었습니다.
조사를 진행한 연구원은 석회찌꺼기를 제거하는데 사용되는 강력한 세척제가 커피 머신의 일부 부품과 반응하면서 많은 양의 납성분을 배출한 것으로 결론 내렸습니다.
이 조사는 카페에서 흔히 사용하는 에스프레소 추출 과정을 통하여 만들어진 음료를 대상으로 이루어졌으며, 가정용으로 많이 사용되는 캡슐(capsule)이나 커피주머니(Coffee-pod)형 머신에서는 상대적으로 아주 미미한 양의 납성분만이 검출되었다고 합니다. (the Local)"
2013. 12. 9 오후 12:05:55,http://newspeppermint.com/2013/12/05/nudity/,노출이 첫 인상에 끼치는 영향,"한 사람의 인상에 그가 입은 옷과 노출의 정도가 영향을 주는 것은 매우 당연해 보입니다. 그리고 우리는 심한 노출은 그 사람을 대상화하고 그의 인상에 부정적인 영향을 주리라 생각합니다. 실제로, 지난 2012년 “심리과학(Psychological Science)”지에는 남녀 모두 다른 여성을 성적으로 대상화 한다는 연구가 발표되기도 했습니다. 그러나 이번 달 “성격과 사회심리학(Journal of Personality and Social Psychology)”지에는 노출도 때로 이득을 가져다 줄 수도 있다는 연구가 발표되었습니다.
예일대의 폴 블룸은 사람들에게 얼굴 사진, 또는 상체가 노출된 사진과 함께, “주말에 이들은 친구들과 놀았습니다.” 라는 설명을 보여 주었습니다. 그리고 사람들에게 “이들은 보통 사람들에 비해 더 ~ 할 것 같습니까?”라는 질문을 하였습니다. 질문의 내용에는 ‘자기조절에 능한’, ‘도덕적으로 행동하는’, ‘계획적으로 행동하는’과 같은 대상의 주체성(agency)을 묻는 질문과, ‘즐거워 하는’, ‘배고파 하는’, ‘욕망을 느끼는’과 같은 대상의 감각을 느끼는 성향을 묻는 질문들이 있었습니다.
그 결과, 사람들은 상체가 노출된 사진을 보았을 때 그 대상이 상대적으로 낮은 주체성을 가지지만 감각이나 고통에는 더 민감할 것으로 추측했습니다. 이같은 반응은 의복을 착용한 전신사진과 전신 누드사진을 가지고 한 실험에서도 동일하게 나타났습니다.
연구진은 위 결과를 바탕으로 노출이 가지는 긍정적 영향을 확인하기 위해 유명한 밀그램의 실험을 변용한 실험을 수행했습니다. 연구진은 여성 실험 참가자들이 역시 실험의 참가자로 묘사된 남성에게 전기쇼크를 가하도록 만들었습니다. 이 남성은 실은 연구진이었으며 실험 중에 셔츠를 입고 있거나, 또는 상체를 노출하고 있었습니다. 예상대로, 여성들은 상체를 노출한 남성에게 더 적은 전기쇼크를 가했습니다. 이는 첫번째 실험이 알려준 것처럼, 상체를 노출한 남성이 고통에 더 민감하리라 여성들이 예상했기 때문으로 추측됩니다.
물론 이 결과가 노출이 긍정적인 효과만을 불러 일으킨다는 것을 말하는 것은 아닙니다. 노출은 주체성이 부족한 사람이라는 인상을 주며, 덜 도덕적이고, 더 우유부단하며, 쉽게 휘둘리는 사람으로 보이게 만들 수 있습니다. 단지 우리가 때와 장소, 상황에 따라 적절한 복장을 선택함 에 있어, 우리가 고려할 수 있는 새로운 한 가지 요소를 알려준다는 데 의미가 있습니다. (Conversation)"
2013. 12. 9 오후 12:09:03,http://news.mt.co.kr/mtview.php?no=2013120813195924881&type=1&MLA,서울대 출신 많은 회사가 망하는 이유,"한국 장기신용은행, 일본 장기신용은행, 미국 엔론···

이들의 공통점은 뭘까? 우선 3곳 모두 경영 부실로 무너져 결국 합병되거나 파산했다는 점이다. 또 다른 공통점은 이들 모두 최강의 '학벌 집단'이었다는 사실이다. 

한국 장기신용은행은 서울대, 일본 장기신용은행은 도쿄대, 엔론은 하버드대 비중이 어느 회사보다 높았다. 이른바 '엘리트주의'로 똘똘 뭉친 회사들이었다. 하지만 결과는 어땠나? 

1997년 외환위기가 터지면서 자산 부실에 시달리던 한국 장기신용은행은 1998년 국민은행에 합병되는 신세가 됐다. 거액의 부실을 안은 일본 장기신용은행 역시 비슷한 시기 파산했다. 엔론도 1996년부터 2001년까지 6년 연속 '미국에서 가장 혁신적인 회사'로 선정되며 승승장구했지만 2001년 돌연 파산했다.

경영학에는 '아폴로 신드롬'(Apollo Syndrome)이라는 용어가 있다. 소위 '엘리트'로 불리는 인재들이 모인 집단에서 오히려 낮은 성과 또는 최악의 결과가 나오는 현상을 말한다. 영국의 경영학자 메러디스 벨빈이 저서 '팀 경영의 성공과 실패'에서 처음 소개한 개념이다. 

이 같은 현상은 벨빈이 헨리 경영대학에서 수행한 실험을 통해 확인됐다. 이곳에서 벨빈은 경영대 학생들로 여러 개의 팀을 만들고 경영게임을 벌이게 했다. 각 팀에는 지능지수가 평균 이상인 사람을 최소한 1명씩은 배정했다. 그러면서 벨빈은 유독 한팀을 지능지수가 높은 사람들로만 구성했다. 그리고 그 팀에는 '아폴로팀'이라는 이름을 붙였다. 미국이 러시아와의 달 창륙 경쟁에서 승리할 당시 우주선의 이름에서 따왔다. 

아폴로팀 구성원들의 면면을 본 참가자들 대부분은 당연하게도 아폴로팀을 유력한 우승 후보로 꼽았다. 그러나 결과는 정반대였다. 아폴로팀은 대개 꼴찌를 기록했다.

아폴로팀원들은 대부분의 시간을 쓸데없는 논쟁에 허비했다. 문제는 그러고도 어느 누구 하나 설득당하지 않았다는 점이다. 자연스레 이들은 일치된 합의를 이끌어내지 못했고, 시급한 문제들에 대응하지 못했다. 꼴찌를 기록하자 이들은 서로 비난하기 바빴다. 구성원들 각자가 그 어느 누구보다 뛰어나다는 점이 최대 약점이었던 셈이다. 

머니투데이가 최근 삼성그룹과 한 경쟁 그룹의 사장 승진자 가운데 오너 일가를 제외한 13명을 대상으로 조사한 결과, 삼성그룹은 사장 승진자 7명 가운데 서울대 출신이 단 1명에 그쳤다. 성균관대가 2명이고 서강대, 중앙대, 숭실대, 외국어대 등이 각각 1명씩으로 다양한 분포를 보였다. 반면 경쟁 그룹의 경우 사장 승진자 6명 중 4명이 서울대 출신이었다.

삼성그룹은 전체 사장단의 출신학교를 봐도 속칭 'SKY'로 불리는 서울대, 고려대, 연세대 출신의 비중이 경쟁 그룹보다 10%포인트 이상 낮다.

'조직의 다양성'(Organizational Diversity)이 떨어져 '그들만의 리그'로 이뤄진 조직은 결국 시야가 좁아져 집단적으로 비합리적인 결론을 도출하는 ‘집단사고'(Group think)의 희생양으로 전락할 위험이 크다. 한국과 일본의 장기신용은행, 미국의 엔론과 같은 전철을 밟지 않으려면 어떻게 해야 할지는 자명하다."
2013. 12. 9 오후 12:10:40,http://ppss.kr/archives/15670,"세계에서 가장 행복하지 않은 아이들을 만드는 나라, 한국","QZ.com의 Korea is the world’s top producer of unhappy school children를 번역한 글입니다.
많은 지표들이 나타내듯, 지금의 한국은 믿을 수 없을 만큼 좋은 모습이다. 우선 실업률이 터무니없이 낮다.

q1

수출은 큰 폭으로 증가하여 국가의 경상수지 흑자 기록에 크게 기여하고 있다.

q2

그리고 얼마 전 OECD의 발표에 따르면, 대한민국 학생들의 학업 성취도는 세계적으로 최상위권 수준에 속한다. OECD 국제학생평가프로그램인 PISA에서 한국의 어린 학생들은 특히나 수학과 독해에서 평균보다 훨씬 높은 성적을 거두었다.

그러나 교육 분야에서 한국이 최하위에 머무른 분야가 있었으니, 그것은 바로 학생들의 행복 부문이다.

q3

한국의 수많은 학생들이, 특히나 장래의 대학을 결정하는 수능 시험을 위해 치열하고 경쟁적으로 공부해야 하는 고등학교 학생들이 비참한 상황에 있다는 사실은 더 이상 놀랄 만한 뉴스도 아니다. (한국에서 가장 명문대라고 평가받는 학교를 SKY ㅡ 서울대, 고려대, 연세대 ㅡ 라 부른다. 그리고 이와 같은 명문대의 졸업장은 향후 취업 시장에서 매우 유리하게 작용한다.)

이런 상황엔 한국 부모들의 높은 기대치도 한몫한다. OECD에 따르면 한국 부모들은 전 세계에서 가장 자식의 대학 졸업장을 바라는 사람들이다.

q4

사실 한국의 높은 교육열은 지난 반세기 동안 있었던 기적과도 같은 경제 성장의 원동력이었다. 1960년의 대한민국은 사하라 이남 지역의 아프리카 국가나 남아메리카 국가들보다도 1인당 국내 총생산이 낮은, 그야말로 세계에서 가장 가난한 나라 중의 하나였다. 현재 대한민국의 경제 규모는 세계 15위로, 유수의 유럽 국가들과 비교해도 부족하지 않을 1인당 국내 총생산을 기록하고 있다.

하지만 한국에 방향 전환이 필요하다는 신호 또한 무시할 수 없다.

한 예로, 대부분의 선진국에서 감소하는 추세에 있는 자살률에 있어 대한민국은 타의 추종을 불허하는 아웃라이어(*주: 통계에서 다른 값들에 비해 지나치게 높거나 낮은 값을 일컫는 말.)다.

반면 한국 교육 시스템에 대한 부담감과 그에 따른 지출에 어느 정도 영향을 받아 출산율은 선진국 중에서도 최하위를 구성할 만큼 감소했다. 이같이 낮은 출산율은 한국을 세계에서 가장 빠르게 노령화 사회에 접근하는 나라로 만들었고, 향후 국가 경제 성장에 지장이 있으리라는 것은 뻔한 일이다.
"
2013. 12. 9 오후 6:50:52,http://taeyoungpark.tistory.com/82,"호소문 ""마크 주커버그가 한국에서 태어났다면 마이스터고 출신이 아니라서 사업에 실패했을 것입니다""","박근혜 대통령님, 그리고 미래창조과학부와 병무청에 호소합니다.

저는 정부에서 인정하는 벤처기업이자 중소기업청과 창업진흥원에서 주최한 창업 대회의 상을 받은 중소기업을 운영하고 있는 박태영이라고 합니다. 올해 1년간 마이스터고에 출강을 나가기도 하였습니다. 산업기능요원 현역 인원 배치를 전원을 특성화고 마이스터고 출신으로 돌린 이번 병무청의 조치는 실제 산업에 대한 몰지각한 이해와 부처간 국정기조를 통일성 있게 유지하지 못한 새 정부의 초보적 실수에서 비롯된 것으로 보입니다. 스스로는 손톱 및 가시를 뽑는다고 생각하는 탁상행정이 중소기업의 손톱을 뽑아갈 수 있다는 것을 유념하셨으면 합니다. 구체적으로 다음과 같은 사유로 이번 조치를 원점에서 재검토하길 간곡히 호소합니다.


1. 학부생의 산업기능요원 현역 배정은 창조경제 이전의 창조경제를 이끌어 왔습니다.

정부에서 강조하고 있는 ICT와 창업 생태계의 주역들이 학부시절 산업기능요원으로 군역을 진 사랍들입니다. 중소기업과 벤처기업에 대한 이른 그리고 매우 적절한 시기의 경험은 이분들께 창조경제에 부합하는 창업의 가장 큰 동기 중 하나로 작용하였습니다. 이 분들이 ICT관련 창업을 하고 다시 산업기능요원을 인원을 배정받아 후배를 양성하는, 정부가 그렇게 찾고 있던 선순환 작용이 이미 일어나 왔었습니다. 계속해서 시장을 키우고 수출을 늘릴 뿐 아니라 양질의 일자리를 대량으로 창출해 왔습니다. 이번 조치는 이런 선순환 작용을 원천적으로 차단하는 것입니다. 이 정부의 키워드가 창조경제라면 이번 조치는 이미 일어나고 있던 창조경제 생태계에 씨까지 말려버리는 굉장히 이해하기 힘든 조치입니다. 


2. 정부는 제조업 중심의 사고에서 탈피해야 합니다.


정부는 외부로는 ICT의 중요성에 대해 강조하면서도 소프트웨어 산업에 대한 이해가 너무나 부족합니다. 이번 조치가 제조업 중심의 기업에게는 큰 영향이 없을 수 있습니다. 제조업은 약간의 숙련을 통해 할 수 있는 기능직으로 채용하는 경우가 많기 때문입니다. 하지만 소수의 인원이 엄청난 부가가치를 창출해야하는 소프트웨어 산업의 경우는 다릅니다. 소프트웨어라는 것이 고등학교에서 3년 훈련 받는다고 벤처기업에서 일할 수준이 되지는 않습니다. 제 스스로가 소프트웨어 마이스터고에 출강을 나갔었고 그 실력을 명확히 파악하고 있습니다. 대기업 같이 자신이 필요한 수준으로 재교육을 할 수 있는 여건이 아니라면 마이스터고 학생들을 뽑기에는 큰 부담이 따릅니다. 소프트웨어 산업이 소수졍예화 되고 고도화되고 있는데 마치 제조업의 기능직과 비슷한 수준으로 인식하는 정부의 현 수준에 탄식을 금할 수 없습니다. 지난 소프트웨어 인력 양성에 정부가 개입했을 때 시장이 얼마나 왜곡되고 고사했었는지 벌써 잊은 것 같아 염려스럽습니다. 소프트웨어 장인은 특성화고를 나오거나 마이스터고를 나온다고 될 수 있는 것도 아니고 석사학위가 있다고 되는 것도 아닙니다. 그럼에도 불구하고 정부의 병역 복무제도는 그 둘 중 하나만 선택하라고 강요하고 있습니다. 이는 실제 소프트웨어 인재의 가장 큰 풀이 학부생 중에 있다는 현실과 괴리가 너무나 큽니다.

3. 소프트웨어 인력 채용은 기업에게 맡겨야 합니다.

앞서 언급한대로 소프트웨어 인력은 특성화고 교육을 이수하거나 마이스터고 교육을 이수한다고 될 수 있는 것도 아니고, 그 교육을 이수하지 못했다고 되지 못하는 것도 아닙니다. 그렇기 때문에 산업기능요원들을 통해 중소 벤처기업을 지원할 생각이라면 그 풀을 최대한 넓히고 선택은 기업이 하게하는게 상식적인 접근법일 것입니다. 마이스터고나 특성화고 우선배정까지는 이해할 수 있습니다. 하지만 풀 자체를 거기로만 제한하는 것은 일반고를 졸업하고 대학을 다니는 사람에게 역차별일 뿐 아니라 여태까지의 누적된 기업들의 선택을 무시한 조치입니다. 실제로 소프트웨어 직군에서 만큼은 기업들이 대학 재학 이상의 인력을 압도적으로 선호해 왔었는데 그 이유를 생각해보시고, 전시가 목표가 아니라 진정으로 중소기업의 인력난을 돕고 싶은 것이라면 이번 조치가 거기에 부합하는지 냉정하게 판단해 보시길 바랍니다.
정부가 섣불리 개입하기 보다는 기업의 선택을 믿고 존중해주십시오. 그게 기업을 돕는 길입니다.


4. 학부생들을 창조 경제의 주역으로 인정해야합니다.

마크주커버그와 빌게이츠 스티브 잡스가 사업을 시작한 나이를 생각해 보십시오. 새롭고 혁명적인 창업은 20대 초반이 그 적기입니다. 그래서 학부생 병역특례를 했던 분들이 그렇게 큰 ICT 기업을 일굴 수 있었던 것입니다. 마이스터고와 특성화고가 그 주역이 될 수 없는 것은 아니지만 기획 경영 재무 국제 개발 디자인을 아우르는 하나의 집단이 뭉치기 위해서는 대학만큼 좋은 장이 없습니다. 정부도 이를 이해하고 지원하고 있는 것으로 압니다만, 전체적인 정책에는 통일된 기조를 유지하지 못하고 있는 것 같습니다. ICT창조경제의 주역이 가장 많은 학부 이공계생들이 이번 조치로 시장에 나오지 못하고 모두가 대학원에서 전문연구요원을 하게 된다면, 창조경제에서 말하는 초기기업의 가장 중요한 축인 개발 분야가 무너지게 됩니다.



지금 정부는 마이스터고를 나오거나 석사를 한 연구개발 인력만 기업에서 필요한 것으로 착각하고 정책을 짜고 있습니다. 정작 기업에서 필요하다 생각하고 선택해 왔던 인원은 이번에 배제를 했습니다. 창조경제를 한다는 정부가 내린 조치로서는 아무리 이해하려해도 이해가 가지 않습니다. 그 동안 소프트웨어를 하는 중소기업이 대기업과의 보수 경쟁에서 밀리더라도 중소기업이 간신히 버텼던 이유는 우수한 소프트웨어 인력을 병역특례를 통해 확보할 수 있었기 때문입니다. 심지어 중견기업이 된 회사들 조차도 여전히 배정을 받으려 노력할 정도로 학부생 산업기능요원이 그간 소프트웨어 시장에서 미친 영향은 매우 큽니다. 정부가 ""고등학교 취업 장려""라는 단편적 생각을 넘어선 신중한 결정을 내려야 하는 이유입니다.


당장 저희가 산업기능요원을 배정받지 못하면 보내야하는 개발자가 3명입니다. 현역 병역특례 TO를 전원 마이스터고 특성화고로 돌릴 것이라 예상하지 못한 상태에서 생긴 기업이기 때문입니다.이 개발자는 특성화고나 마이스터고를 졸업하지 않았지만 전국에서 가장 우수한 개발자들이라 자신할 수 있고 이를 증명해줄 회사도 많습니다. 3명이 나가고 나면 저희 회사는 없어집니다. 정부에서 1억 4천만원 이상을 지원하고 벤처캐피탈에서 또 2억원을 시드펀딩한 회사가, 개발 인력이 정부가 원하는 고등학교를 졸업하지 않았다는 이유로 사라지는 것이 창조경제에 부합하는 것일까요?

미래부 장관님, 병무청장님, 그리고 박근혜 대통령님 이번 조치는 현실 소프트웨어 업계에서는 도저히 이해할 수 없는 조치입니다. 부디 원점에서 재검토하여 저희 같은 정부 정책기조에 부합하는 기업이 생존할 수 있도록 도와주십시오. 많은 것을 바라는 것이 아니라 기존 방식이라도 유지해주시는 걸로 충분합니다. 만약 안된다는 결정을 내리시려면 고등학교 졸업생 취업과 창조경제 중 어떤 것이 국가에 우선한 과제인지 명확하게 정하신후 내리시길 부탁드립니다."
2013. 12. 9 오후 8:58:42,http://media.daum.net/foreign/asia/newsview?newsid=20131209185606440&RIGHT_COMM=R12,"中, 뉴욕타임스·블룸버그 특파원 비자 갱신 보류 조치","【베이징=AP/뉴시스】문예성 기자 = 중국 당국이 국가지도자 가족 재산 축적 등에 대해 보도한 뉴욕 타임스(NYT)와 블룸버그 통신에 대한 보복 조치로 해당 언론사 중국 특파원의 취재 비자를 갱신해주지 않아 이들 언론의 중국 취재가 원천적으로 봉쇄될 위기에 처했다.

9일 중국 외신기자클럽은 비난 성명을 통해 ""비자 갱신 거부 조치는 중국 당국이 이들 언론사의 보도 방향을 못마땅하게 생각하면서 내린 보복 조치로 보이며, 당국은 이번 조치에 대해 어떤 공식 해명도 내놓지 않고 있다""며 이같이 전했다.

중국 당국은 연말 비자 만료를 앞둔 NYT와 블룸버그 특파원 20여 명에 대해 한 달도 남지 않은 현재까지 비자 연장 여부를 통보해주지 않고 있는데 비자가 만료되는 특파원들은 본국으로 귀환해야 하고, 중국 내 취재도 큰 차질이 빚어진다.

외신 기자 비자 업무를 처리하는 중국 외교부와, 베이징시 공안국은 이와 관련해 아무런 공식적인 답변을 하지 않았고, 싱가포르에 있는 블룸버그 아시아 지부 역시 구체적인 언급을 피하고 있다.

이 가운데 해당 조치는 조 바이든 미국 부통령이 방중 기간 미 언론인의 비자 연장을 사실상 거부하는 중국 정부에 대한 항의와도 무관하지 않은 것으로 분석됐다.

바이든 부통령은 지난 5일 중국 베이징에서 가진 기자 간담회에서 언론인 비자 연장 거부 문제에 대해 중국 정부에 강력한 이의를 전달했다고 밝히면서 시진핑(習近平) 중국 국가주석을 만난 자리에서 NYT와 블룸버그 특파원들의 비자 연장 여부에 대해 공개적으로 항의했다.

이후 중국 외교부는 ""중국은 관련 법규에 따라 언론인들을 대하고 있다""면서 ""외국 언론은 객관적이고 공정하게 보도해야 한다""며 불편한 심기를 드러냈다.

한편 중국 당국은 특파원 취재 비자 거부 및 외신 홈페이지 접속 통제로 중국 내에서의 영향력을 제한하고 있다.

지난해에는 시 주석과 원자바오(溫家寶) 전 총리의 가족이 보유한 재산에 대해 보도했던 이들 두 언론사의 중국 내에서 홈페이지 접속 중단 조치를 당한 상태다. 이밖에 지난달부터 중국 정부는 로이터, 월 스트리트 저널에 대한 접속도 통제하고 있다."
2013. 12. 9 오후 9:04:25,http://www.sisainlive.com/news/articleView.html?idxno=18649,빌 게이츠가 … 그래서 그랬구나,"얼마 전 박근혜 대통령이 국회에서 연설했을 때 민주당 의원들은 꽤 고민했던 모양이다. 국정원과 군의 대선 개입 건에 대해 안면몰수하고 나올 게 뻔한데 연설을 마친 대통령이 민주당 의원석으로 와서 악수를 청하면 어떻게 해야 할지 혼란스러웠기 때문이다. 어떤 의원은 그래도 대통령인데 일어나서 맞아야 하지 않겠느냐고 했고, 어떤 의원은 앉은 채로 한 손으로 악수만 하겠다고 했다. 고심하기 구차해 아예 본회의장에 들어가지 않은 의원도 있었다. 나중에 한 의원은 차라리 당론으로 정할 걸 그랬다는 얘기도 했다. 국회의원씩이나 된 사람들이 이런 사소한 일에 에너지를 쏟는 걸 보며 인간적이라고 해야 할까. 

한 나라의 대통령이나 총리는 물론 전 세계의 유명인이란 유명인은 죄다 만나고 다니면서도 이런 걱정을 전혀 하지 않는 듯 천연덕스러운 이가 있다. 마이크로소프트의 빌 게이츠 전 회장이다. 그는 지난 4월 청와대를 방문했을 때 왼손을 주머니에 찌른 채 박 대통령과 악수해 한국의 보수 언론을 힘들게 했다. 그 전에 이명박 대통령과 악수했을 때도 얼추 비슷한 자세였다. 

 	<div align=right><font color=blue>ⓒ한성원 그림</font></div>	 
ⓒ한성원 그림
누구를 만나든 이런 식이냐면 그렇지도 않다. 김대중 대통령과 만났을 때는 허리를 굽히고 양손으로 부여잡았다. 인도네시아에서 열린 정부 지도자 포럼에서 우리나라 초등학생 박영웅군을 만났을 때 역시 활짝 웃으며 두 손으로 박군의 손을 감쌌다. 여느 인자한 할아버지나 다름없었다. 이런 게 하도 자연스러워 차별당하는 사람이 불편할 겨를이 없다.

그가 같은 족속인 IBM 관계자들과 만났던 일화는 유명하다. 동종업계 최고 거물인 빌 게이츠를 만난다고 비싼 양복을 쫙 빼입고 갔던 IBM 사람들은 아연실색했다. 이 저명한 인물이 떡진 머리에 그리 깨끗해 보이지 않는 셔츠 바람이었던 것이다. 다음에 찾아갔을 때 IBM 사람들은 평소 하던 대로 머리를 감지 않은 채였는데 뜻밖에도 빌 게이츠는 흠잡을 데 없는 말쑥한 양복 차림이었다. 양쪽은 마주보며 배를 잡고 웃었고 협상은 대성공이었다. 이런 걸 보면 빌 게이츠가 사람 하나하나와 악수하는 이면에 아무 생각이 없다고 보기는 어렵다. 이건 그만의 유머감각이다. 

미워할 수 없는 기이한 친구들

전 세계 양복쟁이들의 뒤통수를 갈겨주는 게 취미인 것처럼 보이는 인터넷 세상의 괴짜들은 이제 더 이상 자기들만 이해하는 퍼포먼스를 즐기는 아웃사이더가 아니다. 빌 게이츠, 폴 앨런, 스티브 잡스, 마크 저커버그, 에릭 슈미트, 구글의 세르게이 브린 및 선마이크로시스템스 창립자 비노드 코슬라, 앤디 워홀, 줄리안 어산지 등등. 근시에 여드름 자국, 좁은 어깨, 악취, 지저분한 옷차림…. 사람들은 이제 그들을 더 이상 웃음거리로 삼지 않는다. 심지어 숭배하며 의지한다. 세상은 언제부턴가 그들을 너드(Nerd)라고 부르기 시작했다.

 	<너드>외르크 치틀라우 지음작은씨앗 펴냄	 
<너드>외르크 치틀라우 지음작은씨앗 펴냄 철학·사회학·스포츠의학을 공부한 독일의 프리랜서 저술가 외르크 치틀라우가 쓴 <너드>(작은씨앗, 2013)는 바로 이 미워하기 힘든 기이한 친구들의 이야기이다. ‘너드’라는 말이 어디서 튀어나왔는지는 분명치 않다. 1970년대 갑자기 캠퍼스에서 늘어난, 창백하고 성적 매력이라곤 없는 멍한 남학생들을 여학생들이 그렇게 부르기 시작했다는 따위 여러 설이 있을 뿐이다. 설이야 어쨌건 1970년대 퍼스널 컴퓨터가 등장하면서 너드의 개선 행진은 이제 더 이상 막을 수 없는 일이 돼버렸다.

저자는 현상이 개념보다 오래됐다는 사실을 확실히 짚고 넘어간다. 컴퓨터가 너드를 만들어낸 것은 아니라는 얘기다. 컴퓨터는 너드에게 번성할 수 있는 풍족한 서식지를 제공했을 뿐이다. 세상의 변방을 떠돌던 너드는 드디어 완벽한 대화 상대를 찾았다. 컴퓨터는 그들이 단순한 별종이 아니라 특정한 인간형임을 우리에게 알려주었다.

영화 <소셜 네트워크>에 나오는 페이스북 창시자 마크 저커버그와 적대적인 변호사의 대치 장면은 너드의 특징을 잘 알려준다. 변호사가 장황하게 늘어놓자 그는 창밖을 내다보며 말한다. “비가 오네요.” 당황한 변호사가 묻는다. “제 말 듣고 계신 겁니까?” “아니요.”

너드는 권력자나 기득권자에게 굴하지 않는다. 그런 사람들과의 쩨쩨한 일에 끼어들지 않는다. 일광욕을 할지언정 공연한 신경전을 펴지 않는다. 그들에게는 뭔가 고귀하고 고상한 점이 있다. 

저자에 따르면 너드의 전형적인 특징을 열거한다고 해서 실제 너드를 만났을 때 이런 점들을 모두 확인하리라고 기대해서는 안 된다. 우리는 그들의 장점, 혹은 약점으로 캐리커처 그리듯 표현할 수 있을 뿐이다. 저자는 너드의 특징을 13가지로 요약했는데 최소 열 가지에 해당하는 사람을 발견한다면 너드라고 불러도 좋다. 내 주변에서는 요즘은 휴직 중인, 지금 어디서 뭘 하고 다니는지 모르겠는 신호철 전 <시사IN> 기자가 가장 너드에 가깝다. 

노자, 역사에 기록된 최초의 ‘너드’

이를테면 너드의 특징은 이런 거다. 일반적으로 지능이 높지만 IQ테스트 실패자도 왕왕 있다. 종종 자기만의 터널에 들어가 귀차니스트 같다. 그들은 컴퓨터 프로그래밍을 할 때처럼 하느님 놀이 중이다. 자유분방해 보이지만 사사로운 감정에 휘둘리지 않아 보통 사람보다 훨씬 도덕적이다. 상대가 자신과 비슷하게 도덕적이면 의리 있게 군다. 몸을 관리하기보다는 적대한다. 패스트푸드와 당분을 좋아한다. 그래서 근시가 되는 걸로 추정된다. 잠도 잘 자지 않는다. 아니 종종 잠자는 걸 잊는다. 몸매가 꽝이니 성적 매력도 그렇다. 본인도 아쉬워하지 않는다. 이런 사람을 좋아하면 상대만 손해 보기 쉽다. 그들은 사람보다는, 좀 더 쉽게 이해할 수 있는 수학 같은 데 끌린다. 심하지 않은 자폐, 아스퍼거 증후군을 가진 이가 많다. 그래서 갑자기 이상한 행동을 한다. 빌 게이츠는 느닷없이 겅중겅중 뛰고 스티브 잡스는 변기에 발을 집어넣고 끊임없이 배수 밸브를 눌러댔다. 패션의 기준은 편하냐 아니냐이다. 샤워도 잘 하지 않는다. 스티브 잡스가 자기가 만든 애플에서 7년간이나 쫓겨나 있었던 많은 이유 중 하나가 냄새였다. 그들은 무시무시한 집중력으로 앞만 보고 가는데 다른 사람도 다 그러리라고 여겨 주변을 힘들게 한다. 갤리선(돛과 노가 있는 전선) 노예들을 채찍질해 수상스키를 타려고 한다. 당연히 유머감각은 꽝이다. 웃기긴 하는데 일부러 그러는 것은 아니다. 너드 중에는 남자가 압도적으로 많은데 타고났다기보다는 역사적으로 남자가 한눈팔기 유리한 위치였기 때문인 것으로 추정된다. 

이런 특징에 비춰보면 너드는 호모사피엔스만큼이나 오래되었음을 알 수 있다. 이들은 남들 다 사냥 나갔는데 고대 동굴에 벽화를 그리면서 3D 효과를 아쉬워했는지도 모른다. 저자가 보기에 역사에 기록된 최초의 너드는 노자이다. 아르키메데스, 탈레스, 아리스토텔레스, 소크라테스도 너드이다. 자기가 얼마나 중요한 얘기를 쓰고 있는지 강조하려고 무리했다는 인상도 들지만 뉴턴, 아인슈타인, 니체, 조지 오웰도 다 너드이다. 저자는 너드의 관점으로 이들 18명 전설의 삶을 다시 조명했는데 하나하나가 흥미롭다. 

들여다보면 우리 사회에도 너드는 넘친다. 너드 잠재 보유 강국에 속한다. 그들은 관제 알바가 난장판으로 만들어놓은 인터넷 세상에서 지금 무얼 하고 있을까. 

“눈이 온다” 하겠지. 

세상 참 빈상이다. "
2013. 12. 9 오후 9:19:57,http://ppss.kr/archives/15663,어떤 영어 사전을 써야 하는가?,"영영사전에 집착하지 않아야 하는 이유

흔히들 영어 공부를 제대로 하려면 영영 사전을 봐야 하다고 한다. 이번에 수능 만점을 받은 한 고3 학생도 인강을 열심히 듣고 영영사전을 열심히 본 덕에 영어 만점을 받았다고 말했다. 분명히 롱맨, 옥스포드, 코빌드 같은 영영사전은 소장하고 있다는 사실만으로도 뿌듯함을 주고, 영어를 꽤 잘하는 것 같이 보이게 한다.

그런 점에서 허영심을 만족시켜 줄지도 모르겠지만, 연구에 따르면 영영사전은 영어 학습에 비효율적이다. 영어 단어 하나를 몰라 사전을 펼쳤을 때, 그 의미와 용례까지 모두 영어로 제시되면 학습자에게는 그저 학습할 양(workload)이 엄청 늘어나는 것을 의미할 뿐이다.

특히 1:1로 의미가 전이(transfer) 가능한 단어나 그림으로 의미를 제시할 수 있는 어휘(imageability vocabulary)가 아닌 추상적인 단어와 어휘의 경우, 그 의미를 영어로 설명하면 더 어려워질 수 있다. 예로 superficial이라는 단어는 ‘피상적인’이라는 한국어 뜻 하나만 제시하면 간단하고 편하게 이해할 수 있다. 하지만 영영사전에서는 무척 힘들게 돌아서야 이해할 수 있다.

superficial

사전에 대한 연구 결과 가장 효과가 있는 사전은 bilingualized dictionary (두 개 언어화된 사전)이다. 위 이미지처럼 <해당 단어 – 영어 뜻 – 한국어 뜻 – 영어 설명>의 형태를 갖추고 있다. (뜻만 한국어로 주기에 두 개 언어 사전이라고도 하기에 역부족인 면이 있어서, 두 개 언어화된 (bilingualized) 사전이라고 부른다.)

메리엄-웹스터에서 작년에 새로 출간한 core dictionary 등이 이러한 사전 연구의 결과를 반영한 예로, 보다시피 단어의 정의만 한국어로 번역어를 제시하고 있다.

 

연어 사전으로 어떤 단어와 함께 쓰이는지를 알아야

어떤 언어로 된 사전이냐에 이어 어떤 매체의 사전을 이용할 것인가도 중요하다. 종이 사전도 좋지만, 온라인 사전 쪽이 여러 버전을 넘나들며 의미를 확인할 수 있어서 더 좋다. 반면 요즘 모바일 사전 앱들은 아무리 좋아도 인터넷 사전만큼 내용이 방대하지도, 자유롭지도 않아서 그 한계가 있다.

영 사전이야 기존의 옥스포드, 캠브리지를 비롯해 free online dictionary 등이 쓸만하며, 한국어 번역어가 무엇인지 궁금한 경우, http://dic.impact.pe.kr과 같은 영어학습사전이 참조할만 하다. 하지만 이 사전은 이용자가 뜻을 추가하는 형식으로 만들어져서, 틀린 번역어가 검색되는 경우가 있으므로 반드시 교차 검색을 해야 한다.

요즘 사전의 총아는 말뭉치(corpus)를 활용한 연어(collocation; 흔히 함께 쓰이는 단어들의 결합) 사전들이다. 연어 사전 (collocation dictionary)을 활용하면 영작문에 큰 효과를 볼 수 있다. 대표적인 사이트로 www.just-the-word.com가 있는데, 단어를 입력하고 combination 버튼을 누르면, 그 단어가 문장 내에서 품사에 따라 어떤 단어와 함께 자주 쓰이는지를 볼 수 있다.

예를 들면 class(수업)라는 단어로 ‘수업을 듣다’라는 표현을 영작하는 경우를 생각해 보자. 초보 영어 학습자들은 ‘수업 듣다’의 ‘듣다’를 떠올려 ‘hear a class’라고 쓰는 걸 종종 보게 된다. 물론 class와 같이 기본적인 단어의 경우 사전을 찾아도 take a class가 나오지만, 이보다 복잡한 단어의 경우 일반 사전에 collocation이 다 나오지 않는다. 그럴 때 연어 사전을 활용하면 정확한 어휘를 사용할 수 있다.

class

위의 캡처 이미지에는 class가 명사(noun)으로 쓰이는 경우 [동사+목적어 class(V obj *class*)]에서 이 연어가 유사한 그룹(cluster)들로 나눠져 있다. attend class (147번)와 take class (106번)이 두 표현이 가장 빈도 수가 높게 나오는 것을 볼 수 있는데, 이 빈도 수는 기존 British National Corpus에 구축된 8천만 개의 말뭉치에서 뽑아낸 것으로, 실제 영어 사용(use)에 근거한다.

이렇게 품사 별로 단어의 연어를 확인하면 영작문 시 굉장히 큰 도움을 받을 수 있다. 틀린 표현은 물론 구두점으로 분리된 단어들까지 검색해주는 구글의 쌍따옴표를 이용한 검색(구글에서 쌍따옴표 안에 단어들을 넣어 검색하면 따옴표 안에 넣은 단어의 순서까지 완전히 일치한 검색 결과가 나온다)보다 정확하므로 잘 활용할 필요가 있다."
2013. 12. 9 오후 9:22:17,http://kr.wsj.com/posts/2013/12/09/%EC%8B%B1%EA%B0%80%ED%8F%AC%EB%A5%B4-40%EB%85%84%EB%A7%8C%EC%97%90-%EC%B5%9C%EB%8C%80-%ED%8F%AD%EB%8F%99-%EC%82%AC%ED%83%9C/?mod=WSJBlog&utm_source=twitterfeed&utm_medium=twitter,싱가포르 40년만에 최대 폭동 사태,"싱가포르에서 8일(일요일) 저녁 (외국인 노동자 한 명이 버스에 치여) 사망하자 격분한 400 명의 외국인 노동자들이 리틀인디아 지역의 거리로 몰려나와 자동차에 불을 지르고 경찰과 응급 구조대원들을 공격한 것으로 알려졌다. 도시국가인 싱가포르에서 발발한 이 이례적인 폭동으로 최소 18 명의 부상자가 발생한 것으로 알려졌다.

경찰과 목격자들에 따르면 이 폭동은 밤 9시23분경(현지 시각)에 발생했다. 리틀인디아 지역에서 신원 미상의 인도 남성(33세)이 버스에 치여 사망하자 대규모의 남아시아 근로자들이 해당 버스를 막대기와 쓰레기통으로 공격했다.  대규모 폭동은 싱가포르에서 40여 년 만에 발생한 것이다.

경찰은 당국이 폭동진압대와 구르카 예비대(용병)를 포함한 경찰관 300 명을 사고 지역으로 급파해 밤 11시 경쯤 폭동을 진압했다고 월요일 아침 기자회견을 통해 밝혔다. 그러나 폭동을 진압하기 위해 화기는 사용하지 않았다고 덧붙였다.

경찰은 시위에 가담한 남아시아 국적 (근로자) 27 명을 체포했다. 이들의 신원은 알려지지 않았고 접촉도 불가능했다. 체포된 이들에게 변호인이 선임됐는지는 확실하게 알려지지 않았다. 이 사건에 연루된 싱가포르인은 없는 것으로 알려졌으며 이 폭동은 우발적인 것으로 보인다고 발표했다. 폭동의 발단이 된 교통사고와 폭동에 대한 조사가 지속되면서 앞으로 더 많은 이들이 체포될 수도 있다고 싱가포르 정부는 덧붙였다.

치명적인 사고를 낸 버스 운전기사의 신원은 아직 공개되지 않은 상황이다.

월요일 아침 자신의 페이스북을 통해 리센룽 싱가포르 총리는 이 폭동을 “매우 심각한 사건”이라고 표현하고 경찰이 “주동자를 파악하는데 총력을 기울일 것이며 가장 강력한 법에 의거해 이들을 처벌할 것”이라고 언급했다.

싱가포르 중심지에 소재한 리틀인디아는 외국인들과 인도, 방글라데시, 스리랑카와 같은 남아시아 국적의 이주 노동자들이 주말에 즐겨찾는 지역이다. 일요일 저녁에는 보통 수천 명이 이 곳에 모여든다.

이 폭동은 총 인구 530만 명의 도시 국가에서 약 130만 명(6월 기준)에 이르는 엄청난 수의 외국인 근로자들 사이에 곪아왔던 불만이 터져나온 것이다. 최근 몇년 동안 일부 외국인 근로자들, 특히 건설 분야의 비숙련 저임금 근로자들은 고용주들이 부당한 처우를 했다고 주장하면서 시위를 일으켰다. 지난 해에는 170여 명의 중국 국적 버스 기사들이 이례적으로 불법 시위를 일으켰다.

“이는 정부에 경각심을 불러일으키는 사건이다. 정부는 외국인 인재를 유치하고 싶어하지만 그에는 결과가 따른다”고 이번 버스 사고에 연루되지 않은 운전기사 마이클 싱이 말했다. 폭동 가담자들이 그가 소유한 버스에 돌을 던져 바람막이 창과 유리문을 박살내 버스는 파손됐다. 그는 “시간의 문제일뿐 앞으로 통제불능의 상황이 전개될 것”이라고 내다봤다.


AFP PHOTO /THE NEW PAPER /Jonathan Choo
리틀인디아에서 폭동을 일으키는 이들
관료들은 폭동 직후 그러한 우려를 잠재우기에 나섰다. 월요일 이른 아침 기자회견을 통해 “전반적으로 (이주 노동자들과 싱가포르인들 간의) 관계는 좋은 편”이라고 테오치헤안 싱가포르 부총리겸 내무부장관은 말했다. 그는 “우리는 법을 준수하면서 생계를 이어가고자 하는 외국인 근로자들을 반긴다”고 덧붙였다.

그러나 경찰은 “앞으로 리틀인디아 지역뿐만 아니라 외국 근로자들의 숙소와 그들이 주로 모이는 것으로 알려진 곳들을 예의주시할 것”이라고 피터 응 주희 경찰청장은 기자회견을 통해 밝혔다.

경찰은 이번 사건을 ‘위험한 무기를 사용한 폭동’으로 처리하고 있다고 언급했다. 싱가포르 법에 따라 이런 경우는 최대 10년의 징역형과 태형을 받는다.

소셜미디어와 국내 TV 방송에서는 폭동 연루자들이 경찰차를 밀어 옆으로 뒤집히게 하고 불을 지르는 장면이 공개됐다. 싱가포르의 민방부대는 최소 18 명이 병원으로 이송됐고 그 중 4명은 구조대원들이라고 밝혔다. 경찰은 10 명의 경찰관이 경상을 입었고, 교통 사고를 낸 버스 운전사(싱가포르인)는 병원에 입원했다고 전했다.

방화로 다섯 대의 차량(경찰차 3 대, 앰뷸런스 1 대, 오토바이 1 대)이 불에 탔다고 민방부대는 언급했다. 다른 차량들(경찰차, 민방부대 차량, 개인 소유 차량) 역시 파손됐다고 관료들은 말했다.


European Pressphoto Agency
폭동에 연루된 이들이 파손한 앰뷸런스 
사건 현장에 있던 월스트리트저널(WSJ) 기자들은 일요일 밤에 수십 명의 경찰관들이 방탄 헬멧을 쓰고 폭동 진압용 방패를 든 채로 리틀인디아 지역의 출입을 통제하는 모습을 볼 수 있었다. 폭동이 발생한 곳의 길가에서 최소한 두 대의 경찰차가 옆으로 뒤집히고 불타는 차량에서 연기가 피어올라왔다.

리틀인디아에 거주하는 한 주민은 그 곳에 모이는 외국인 근로자들 사이에서 간간이 싸움이 있긴 했지만 이처럼 대규모로 폭동이 일어난 것은 처음이라고 전했다. “이 정도로 엄청난 폭동이 일어난 적이 없었다”고 알프레드 로우는 말했다. 그는 리틀인디아의 공공 임대 아파트 단지에 거주하고 있다. “이런 폭동이 발생하면 다음은 어떤 일이 일어날까라는 걱정을 하게 된다”고 그는 덧붙였다.

이 지역에 소재한 많은 상점 소유주들은 한번 폭동이 발발하고 나면 문을 닫았다. 그들 중 한 명인 라자라는 이름의 전직 경찰관(73세)은 이번 폭동이 1950년대와 60년대에 국가적인 골칫거리였던 인종분규로 인한 폭동을 떠올리게 한다고 말했다.

기존 싱가포르에서 마지막으로 대규모 폭동이 발생했던 때는 1969년이다. 당시 싱가포르의 다수를 차지했던 화교와 소수인종인 말레이인 사이에 7일간 인종분규로 인한 폭동 사태가 발생해 최소 4 명이 사망하고 80 명이 부상을 입었다.
"
2013. 12. 9 오후 9:28:52,http://biz.heraldcorp.com/view.php?ud=20131206000404,[인디게임 특집] 쓰레기 게임으로 돈 버는 방법?!,"전 세계에서 게임을 개발하는 학생들의 작품을 구경하고 있으면 언제나 깜짝 놀랄 만한 경험을 하곤 한다. 턱없이 부족한 개발력을 갖고 있음에도 불구하고 항상 뛰어난 아이디어로 무장하거나, 독창적인 시도를 통해 '발상의 전환'이라는 것이 무엇인지 보여주는 작품들이 다수 있다. 반면 그 보다 더 높은 확률로 기존 게임의 오마주를 선보인다거나, 자신들이 좋아하는 장르의 시나리오를 각색해 게임을 내놓은 사람들이 더 많다. 이번에 소개할 작품은 후자에 가깝다. 이 작품은 언리얼 개발자 킷을 만지작거리다가 시나리오 써놓고 한 3일만에 완성한 듯한 게임을 공개하더니, 순식간에 유명세를 탄다. 장르도 흔하디 흔한 어드벤처 게임이다. 기술력만 따지자면 게임메이커로 게임을 개발하는 국내 중학생들이 더 잘하지 않을까 하는 의구심마저 들 정도다. 그런데 막상 게임을 플레이한 사람들은 엄지손가락을 지켜 든다. 대부분 평점 4점대에서 5점대를 주면서 호평을 달고 있다. 대체 무슨 일이 일어난걸까.

 



    
9.03m은 영국개발팀인 스페이스버지가 지난 9월 12일 공개한 작품이다. 이들은 학생 개발팀의 신분으로 IGF2014에 참가를 선언하면서 본격적으로 알려 졌다. 여전히 유명한 게임은 아니지만 11월 말경 스팀 메인 코너에 소개되면서 조금씩 유저를 확보하는 추세다. 게임 가격이 1.99달러에 팔리는 만큼 구매하는 사람들도 별다른 부담을 느끼지 않는 듯 하다.

나비를 쫓아가는 사람의 이야기
막상 게임을 실행시켜 보면 텅 빈 화면에 배경만 덩그러니 놓여 있다. 1인칭 시점으로 진행하는 어드벤처이기때문인데, 이리 저리 움직이다 보면 게임이 자동으로 진행된다. 게임을 플레이하는 방법은 무척 간단하다. 이동을 하면서 마우스를 움직이고, 오브젝트들을 발견한 다음 단서를 풀어 나가면 된다. 
딱히 복잡한 퍼즐들은 없고 특정 부분에 마우스를 가져다 대면 풀리는 퍼즐들이 대부분이다. 이 때 정답에 해당하는 퍼즐을 풀었다면 커서는 나비로 바뀌고 다음 단계로 진행할 수 있다. 나비를 찾아 다니는 게임쯤 되겠다.

몽환적인 색채로 만들어낸 세상
이 게임은 어떤 측면에서 보면 상당히 예술성을 가진 작품일 수 있다. 게임을 플레이하면서 가장 먼저 보이는 건 색채다. 마치 물에 빠진 세상을 보는 듯 채도가 낮은 색들로 구성했다.  대부분 색들은 옅은 파란색과 혼합돼 있고, 유사한 레벨대로 색채를 구성해 어두침침한 분위기를 실남나게 그려 냈다. 이런 배경 속에서 그다지 많지 않은 오프젝트들이 곳곳에 떨어져 있고, 이 사이를 탐험해 나가기 때문에 전반적으로 텅 빈 공간을 헤메는 듯한 느낌을 받게 된다. 
반대로 봄면 할 게 없다. '여백의 미'를 즐기지 못하는 사람들, 혹은 색채가 마음에 들지 않는 사람들에게 이 게임은 가히 쓰레기라 불러도 좋을 만큼 끔찍한 게임일 수 있다.

 


    
시나리오로 해답을 찾는 게임
실은 전반적인 내용들은 모두 '시나리오'와 연계돼 있다. 물에 빠진듯한 세계도, 마치 중2병에 걸린 사람의 일기장을 들여다 보는 듯한 대사나 게임 전개 방식도 모두 다 한가지 포석을 위한 것이다. 바로 2011년 일본을 덮친 '쓰나미'가 소재다. 이 속에서 주인공은 이미 떠나간 사람들을 추억하기 위해 내용을 전개하는 식이다. 
개발팀은 이 효과를 극대화하기 위해 일본어와 영어를 혼용하고, 주인공을 일본인으로 설정해 일본어 이름을 짓는 등 다양한 부가 장치를 동원했다. 개발사는 '잃어버린 진실, 잘못된 통계를 알리기 위해 이 게임을 개발했다'고 밝히고 있다.

 


    
그들은 왜 '쓰나미'를 써야 했을까
한마디로 이 게임은 '쓰나미'라는 말을 제외하면 남는게 없다. 이처럼 성의 없는 게임도 찾기 어렵다. 그런데 누구도 감히 악평을 달지 못한다. 시나리오상 '쓰나미'라는 단어를 동원하면서 동정심을 호소하는 기법을 사용했기 때문이다. 마치 이 게임을 반대하면 '쓰나미'에 희생된 사람들을 모욕하기라도 하는 듯한 찝찝함을 감출 수 없다. 그러나 그 찝찝함 보다 이 게임 속에 숨어있는 추악한 속내가 더 참기 어렵다. 칼, 필, 로난, 알버트 등 모두 순수 영국식 이름을 가진 영국 개발자들은  '쓰나미'라는 단어로 추악한 게임성을 포장해버리고, 오히려 이를 전면에 내세워 게임을 유가로 팔기까지 한다. 
한가지 소망이 있다면, 어젯밤에 파티를 너무 즐겨서 오늘 술취한 채로 수업을 듣고 있다는 트윗을 하루 종일 쓰고 있는 스페이스버지 개발팀원들의 술값으로 쓰이는 대신, 재미있는 게임 개발하겠다고 마누라 눈치를 보며 두 평짜리 더부살이 임대 오피스텔에 앉아 오늘도 다 된 게임을 붙잡고 '분명 더 재미있는게 있을거야'라며 또 뒤엎고 있는 사람들에게 마땅한 수익이 돌아갔으면 하는 바램이다."
2013. 12. 9 오후 9:32:12,http://yoonjiman.net/2013/12/09/apple-and-indie-publisher/,애플과 인디 퍼블리셔들,"애플이 전자책 가격을 담합하는데 참여했다는 미 법무부의 반독점 소송과 관련해서 다양한 얘기들이 있다. 국내에는 대부분 “애플이 가격을 담합한걸로 유죄판결을 받았다.” 정도로 전해지고 있는데, 실제로는 그것과는 조금 다른 이면이 있다. 간단히 요약하자면 이렇다.

아마존이 9.99달러에 전자책을 팔고 있는 시장이 있었다. 여기에 애플이 12.99달러의 가격으로 진출해서 출판사에 돌아가는 몫을 더 늘려주고, 전자책 시장 자체를 좀 더 지속 가능한 비지니스로 만들었다. 헌데 미 법무부는 전자책의 가격이 올랐으므로 이를 담합이라 보고 소송을 건 것이다. 시장엔 경쟁이 생겼고, 애플은 아마존의 불합리한 가격 정책에 브레이크를 걸었는데, 이에 대한 소송이 벌어지고 있는 셈이다.

이 문제와 관련해 작가의 입장에서 쓰여진 글이 있기에 전문을 번역한다. 대규모 출판사의 입장은 아니고, 인디 작가의 경험담이다. David Sparky의 “Apple and Indie Publishers”라는 글이다.

오늘 월스트리트 저널에서 정부가 어떻게 아이북스 스토어로 애플을 어떻게 골치아프게 하고 있는지에 대해 쓰여진 기사가 나왔다. 내가 변호사임에도 불구하고, 나는 반독점법에 대해 잘 알지 못하고, 어떤 일이 벌어지고 있는지도 잘 알지 못한다. 그러나 나는 퍼블리셔(역자주 : 발행인 혹은 출판업자. 포괄적인 의미로 그냥 퍼블리셔라고 씀.)로서는 몇가지 남들보다 나은 위치에서 살필 수 있었던 것들이 있다.

애플은 내가 멋진 책을 만들수 있게 해줬다

처음 내가 Paperless를 쓰기 시작했을 땐 아이북스 스토어가 없었다. 텍스트와 리치-미디어를 함께 통합할만한 세련된 툴이 없었고, 책이 어떻게 하는지를 서술할뿐 아니라 어떻게 하는지를 보여주려면 프랑켄슈타인 같은 ePub과 PDF를 사용해야 했다. 나는 몇주간의 조사와 테스팅을 해봤지만 결국 정착할만한 툴을 찾지 못했다. 그때 애플이 iBooks Author와 아이북스 스토어를 발표했고, 나는 즉각적으로 이전에 했던 노력들을 관두고, 새로운 플랫폼으로 뛰어들었다. iBooks Author는 정확히 내가 원하는 책을 출판하기 위해서 필요한 것들을 제공했다.

애플은 인디 작가들을 존중한다

애플은 나에게 저작툴만 준게 아니라, 책을 배포할 수 있는 방법도 주었다. 아이북스 스토어에 안착하는것은 나같은 작은 인디 퍼블리셔에게도 그렇게 어려운 일은 아니었다. 나는 내가 만든 채널을 통해서 그동안 팔아왔던것보다 아이북스 스토어를 통해서 더 많은 책을 팔 수 있었다. 게다가 애플은 인디 작가들을 지원한다. 믿기지 않는가? 여기 오늘 아이북스 스토어의 홈페이지를 찍은 스크린샷이 있다.

iBooks Store

초창기 아마존이 작가에게 주는 로얄티는 단지 35%였다. 내가 7달러를 벌기 위해서, 나는 내 책을 20달러에 팔아야 했다. 애플이 시장에 진출한다는 얘기가 있고 나서야 아마존은 앱 스토어와 똑같이 70%로 로얄티를 끌어올렸다. 하지만 그건 애플에 맞추기 위한것이었다. 아마존은 또한 작가들에게 “다운로드 요금”이라는것을 부과한다. 이 요금은 현재 1MB 당 0.15달러이다. 미디어가 풍부한 내 1GB 책의 경우엔, 다운로드 요금으로 책 한권 당 150달러를 내야 한다.

맞다. 150달러다.

결국 내가 7달러를 벌기 위해선, 책을 160달러에 팔아서 150달러는 아마존에 배달 비용으로 내고, 추가적으로 3달러는 로열티로 낸 후 남는걸 챙겨야 한다. 이 페이지를 보면, 내가 판매수익의 65%를 아마존에 내는것에 동의하면 배달 비용을 면제해 주는것으로 보이는 옵션이 있다는 것을 알 수 있다. 두가지 옵션 모두 작가들에게는 지독한 거래다.

애플은 내 1GB 책을 제공하고, 판매수익의 30%를 가져간다. 복잡한 회계는 없고, 내가 10달러짜리 책 한권을 팔 때마다 7달러씩 벌게 된다. 게다가 애플이 번 3달러는 다시 내 출판 도구를 개발하고, 아이북스 스토어를 좋게 유지하는데 쓰여진다. 또한 1GB의 책을 모든 고객들에게 제공하는데 드는 비용을 커버하는데도 쓰인다.

난 미국 정부가 이걸 반경쟁적이라고 말하는 것이 아직 잘 이해가 되지 않는다. 애플이 시장에 진입하지 않았다면, 나는 MacSparky Field Guides를 출판할 수 없었을 것이다."